scorer,,,Samarth Aggarwal,Samarth Aggarwal,Samarth Aggarwal,Samarth Aggarwal,Samarth Aggarwal,Samarth Aggarwal,Samarth Aggarwal,Samarth Aggarwal,Samarth Aggarwal,Samarth Aggarwal
bodyparts,,,nose,nose,ear1,ear1,ear2,ear2,center,center,baseoftail,baseoftail
coords,,,x,y,x,y,x,y,x,y,x,y
labeled-data,ltFLiPAKAREEGEMG003010,img00120.png,371.3667717506768,174.70337182606323,394.39387657197676,200.19766644964545,355.7412363362231,201.02006305040618,377.94594455676247,269.27898091354564,386.1699105643696,328.4915361683173
labeled-data,ltFLiPAKAREEGEMG003010,img00517.png,402.617842579584,219.11278826714192,398.5058595757804,267.63418771202424,363.96520234383024,236.383116883117,376.301151355241,281.6149299249564,391.9266867696947,335.89310557516376
labeled-data,ltFLiPAKAREEGEMG003010,img00523.png,419.0657745947983,232.27113387931342,409.1970153856697,281.6149299249564,380.41313435904465,242.9622896892027,372.1891683514374,286.5493095295207,391.9266867696947,331.78112257136013
labeled-data,ltFLiPAKAREEGEMG003010,img00655.png,386.1699105643696,126.18197238118091,416.59858479251614,158.25543981084888,376.301151355241,170.59138882225966,416.59858479251614,224.04716787170622,432.2241202069698,282.43732652571714
labeled-data,ltFLiPAKAREEGEMG003010,img00727.png,397.68346297501967,151.67626700476313,430.57932700544836,174.70337182606323,389.4594969674125,186.21692423671323,416.59858479251614,229.80394407703125,419.88817119555904,281.6149299249564
labeled-data,ltFLiPAKAREEGEMG003010,img00942.png,470.05436384196275,146.74188740019883,456.07362162903064,178.8153548298668,421.5329643970805,158.25543981084888,426.46734400164473,224.04716787170622,426.46734400164473,279.97013672343496
labeled-data,ltFLiPAKAREEGEMG003010,img01019.png,469.231967241202,176.34816502758463,458.5408114313127,202.66485625192757,423.17775759860194,175.52576842682396,424.00015419936256,238.0279100846384,427.28974060240546,286.5493095295207
labeled-data,ltFLiPAKAREEGEMG003010,img01223.png,475.81114004728784,193.6184936435597,449.49444882294483,231.4487372785527,421.5329643970805,191.97370044203825,420.71056779631976,245.42947949148487,424.8225508001234,289.83889593256356
labeled-data,ltFLiPAKAREEGEMG003010,img01499.png,363.1428057430695,302.99724154473506,386.99230716513046,273.3909639173492,401.7954459788233,312.04360415310293,430.57932700544836,268.45658431278497,,
labeled-data,ltFLiPAKAREEGEMG003010,img01564.png,362.3204091423088,309.57641435082076,374.65635815371957,279.14774012267424,398.5058595757804,321.0899667614708,433.86891340849127,265.16699790974207,465.1199842373985,235.56072028235627
labeled-data,ltFLiPAKAREEGEMG003010,img01789.png,378.7683411575232,321.91236336223153,391.10429016893397,288.19410273104216,411.6642051879519,330.9587259705994,436.33610321077333,275.03575711887066,464.2975876366378,245.42947949148487
labeled-data,ltFLiPAKAREEGEMG003010,img02220.png,367.25478874687315,347.40665798581375,386.1699105643696,310.3988109515815,400.97304937806257,351.5186409896173,435.5137066100127,291.483689134085,462.65279443511633,249.54146249528844
labeled-data,ltFLiPAKAREEGEMG003010,img02308.png,390.28189356817325,385.23690162080675,389.4594969674125,353.1634341911388,424.00015419936267,371.2561594078745,430.57932700544836,299.70765514169216,458.5408114313127,252.8310488983313
labeled-data,ltFLiPAKAREEGEMG003010,img02726.png,281.72554226775856,269.27898091354564,306.3974402905801,284.90451632799926,271.85678305862996,312.04360415310293,339.2933043210088,323.557156563753,392.7490833704554,333.4259157728816
labeled-data,ltFLiPAKAREEGEMG003010,img07018.png,306.3974402905801,288.19410273104216,331.89173491416227,304.6420347462565,294.06149127916933,326.0243463660351,352.4516499331802,337.53789877668515,401.7954459788233,360.5650035979852
labeled-data,ltFLiPAKAREEGEMG003010,img08512.png,304.75264708905866,289.01649933180283,330.24694171264093,302.17484494397434,293.2390946784086,328.4915361683173,358.2084261385053,342.47227838124945,402.617842579584,357.27541719494235
labeled-data,ltFLiPAKAREEGEMG003010,img10785.png,301.46306068601575,299.70765514169216,322.8453723057944,312.86600075386366,289.1271116746051,335.07070897440303,354.09644313470176,354.80822739266017,403.44023918034475,359.74260699722447
labeled-data,ltFLiPAKAREEGEMG003010,img11110.png,,,326.1349587088373,308.75401775006003,291.59430147688715,335.07070897440303,355.7412363362231,349.0514511873352,404.2626357811055,358.9202103964638
labeled-data,ltFLiPAKAREEGEMG003010,img11225.png,,,323.6677689065551,306.2868279477779,288.30471507384436,336.7155021759244,352.4516499331802,344.1170715827709,404.2626357811055,358.0978137957031
labeled-data,ltFLiPAKAREEGEMG003010,img15771.png,,,321.20057910427295,307.93162114929936,285.8375252715622,333.4259157728816,349.1620635301374,346.584261385053,401.7954459788233,358.9202103964638
labeled-data,ltFLiPAKAREEGEMG003010,img18722.png,,,322.8453723057944,313.6883973546244,288.30471507384436,336.7155021759244,345.0500805263338,352.34103759037805,399.3282561765411,363.8545900010281
labeled-data,ltFLiPAKAREEGEMG003010,img21327.png,,,321.20057910427295,315.33319055614584,287.48231847308364,332.60351917212085,353.2740465339409,351.5186409896173,400.15065277730184,366.3217798033103
labeled-data,ltFLiPAKAREEGEMG003010,img21645.png,,,320.3781825035122,312.04360415310293,285.01512867080146,335.07070897440303,349.9844601308981,350.6962443888566,399.3282561765411,367.9665730048317
labeled-data,ltFLiPAKAREEGEMG003010,img23580.png,,,324.49016550731585,313.6883973546244,296.5286810814515,335.89310557516376,353.2740465339409,353.1634341911388,401.7954459788233,367.14417640407095
labeled-data,ltFLiPAKAREEGEMG003010,img24301.png,,,327.77975191035875,312.86600075386366,293.2390946784086,335.89310557516376,350.80685673165885,353.1634341911388,404.2626357811055,368.7889696055924
labeled-data,ltFLiPAKAREEGEMG00310,img00142.png,388.70729468681907,226.0895795089982,350.00359416013305,203.03205579097255,387.88381169688955,184.91543001252376,368.9437029285113,151.97611041534418,365.64977096879335,111.62544390879924
labeled-data,ltFLiPAKAREEGEMG00310,img01301.png,297.30068280464576,117.38982483830563,314.59382559316504,86.92095421091454,332.7104513716138,123.97768875774153,350.82707715006256,80.33309029147864,348.3566281802741,45.74680471444009
labeled-data,ltFLiPAKAREEGEMG00310,img02717.png,317.06427456295347,72.0982603921837,288.24236991542136,47.393770694299064,323.6521384823894,38.33545780507467,290.71281888520986,15.277934087048948,,
labeled-data,ltFLiPAKAREEGEMG00310,img03225.png,236.36294154986354,318.31967438110104,254.47956732831227,287.02732076378044,275.06664207654956,316.67270840124206,318.71124054281245,281.262939834274,357.4149410694985,260.6758650860368
labeled-data,ltFLiPAKAREEGEMG00310,img04107.png,284.9484379557034,100.92016503971587,242.95080546929944,93.50881813035045,273.4196760966906,64.68691348281834,233.06900959014558,55.628600593593944,209.1880028821904,34.21804285542726
labeled-data,ltFLiPAKAREEGEMG00310,img04580.png,406.8239204652678,387.49224553517814,354.94449209971,392.43314347475507,381.29594777745365,367.7286537768704,314.59382559316504,362.7877558372935,276.71360805640853,336.43630015954983
labeled-data,ltFLiPAKAREEGEMG00310,img06837.png,284.1249549657739,9.51355315754256,275.890125066479,66.33387946267732,247.0682204189469,36.68849182521569,236.36294154986354,67.15736245260678,211.65845185197884,82.80353926126708
labeled-data,ltFLiPAKAREEGEMG00310,img07760.png,117.78139100001707,263.9697970457547,143.30936368783125,285.38035478392146,115.3109420302286,291.96821870335737,152.36767657705565,335.6128171696203,190.24789411381215,375.1400006862358
labeled-data,ltFLiPAKAREEGEMG00310,img10047.png,186.9539621540942,370.19910274665887,135.07453378853634,365.25820480708194,159.779023486421,344.6711300588447,129.31015285902993,340.55371510919724,,
labeled-data,ltFLiPAKAREEGEMG00310,img12182.png,358.2384240594279,400.66797337405,,,371.4141518982998,377.61044965602423,390.354260666678,343.0241640789857,415.05875036456274,325.7310212904664
labeled-data,ltFLiPAKAREEGEMG00310,img12678.png,275.890125066479,93.50881813035045,249.53866938873534,69.62781142239527,293.18326785499823,64.68691348281828,267.65529516718414,38.33545780507467,,
labeled-data,ltFLiPAKAREEGEMG00310,img14368.png,129.31015285902993,109.15499493901075,,,,,,,,
labeled-data,ltFLiPAKAREEGEMG00310,img15830.png,290.71281888520986,287.02732076378044,294.0067508449278,252.44103518674189,322.0051725025304,279.615973854415,337.65134931119064,222.79564754928026,360.7088730292164,168.445770213934
labeled-data,ltFLiPAKAREEGEMG00310,img16162.png,333.5339343615433,223.61913053920978,356.59145807956895,254.91148415653038,316.240791573024,256.55845013638935,335.1809003414022,296.08563365300483,337.6513493111907,343.8476470689152
labeled-data,ltFLiPAKAREEGEMG00310,img18117.png,406.8239204652678,191.50329393195966,,,392.8247096364665,144.56476350597882,373.06111787815877,115.74285885844671,382.9429137573126,81.98005627133762
labeled-data,ltFLiPAKAREEGEMG00310,img18534.png,170.48430235550438,397.374041414332,187.77744514402366,361.14078985743447,198.48272401310697,391.60966048482555,247.06822041894685,371.0225857365884,296.47719981471624,359.4938238775755
labeled-data,ltFLiPAKAREEGEMG00310,img18958.png,366.47325395872286,416.31415018271025,345.0626962205561,380.9043816157422,380.4724647875242,376.78696666609477,358.2384240594279,333.96585118976134,340.9452812709087,285.38035478392146
labeled-data,ltFLiPAKAREEGEMG00310,img19193.png,424.1170632537871,284.55687179399195,424.1170632537871,333.96585118976134,387.88381169688955,318.31967438110104,409.29436943505624,371.84606872651784,403.52998850554985,413.0202182229923
labeled-data,ltFLiPAKAREEGEMG00310,img20412.png,311.2998936334471,57.27556657345292,260.2439482578187,67.15736245260678,281.65450599598546,29.277144915850272,254.47956732831227,39.982423784933644,231.4220436102866,49.04073667415804
labeled-data,ltFLiPAKAREEGEMG00310,img20658.png,410.11785242498576,281.262939834274,371.4141518982998,250.7940692068829,406.8239204652678,254.91148415653038,392.001226646537,198.09115785139562,387.0603287069601,138.80038257647237
labeled-data,ltFLiPAKAREEGEMG00310,img21474.png,,,298.94764878450474,279.615973854415,256.1265333081713,280.43945684434453,282.4779889859149,329.02495325018435,320.3582065226714,350.4355109883511
labeled-data,ltFLiPAKAREEGEMG00310,img22791.png,350.82707715006256,389.96269450496663,326.9460704421074,349.61202799842164,367.2967369486523,338.0832661394088,334.35741735147275,304.3204635522997,314.59382559316504,265.6167630256137
labeled-data,ltFLiPAKAREEGEMG00310,img25224.png,200.129689992966,201.38508981111357,237.18642453979305,221.9721645593508,203.42362195268396,242.55923930758803,252.8326013484533,278.79249086448556,304.7120297140111,301.8500145825112
labeled-data,ltFLiPAKAREEGEMG00310,img25595.png,317.887757552883,46.57028770436955,311.2998936334471,86.92095421091454,281.65450599598546,61.39298152310039,275.890125066479,95.97926710013894,248.71518639880588,117.38982483830563
labeled-data,ltFLiPAKAREEGEMG00310,img26117.png,502.34794729708864,403.13842234383844,,,454.58593388117816,347.96506201856266,422.47009727392816,338.90674912933827,396.1186415961845,313.3787764415241
labeled-data,ltFLiPAKAREEGEMG00311,img00261.png,266.00832918732516,305.9674295321587,,,220.71676474120324,276.32204189469707,187.77744514402366,288.67428674363947,149.0737446173377,282.90990581413297
labeled-data,ltFLiPAKAREEGEMG00311,img00987.png,373.06111787815877,133.85948463689544,343.41573024069714,111.62544390879924,372.23763488822925,95.15578411020942,336.0043833313317,67.98084544253624,313.7703426032355,39.982423784933644
labeled-data,ltFLiPAKAREEGEMG00311,img01484.png,321.18168951260094,277.1455248846266,310.47641064351757,223.61913053920978,346.7096622004151,240.91227332772905,350.00359416013305,193.15025991181864,369.7671859184408,147.03521247576725
labeled-data,ltFLiPAKAREEGEMG00311,img02557.png,,,,,,,153.1911595669851,123.15420576781207,177.0721662749403,93.50881813035045
labeled-data,ltFLiPAKAREEGEMG00311,img04263.png,243.77428845922896,138.80038257647237,216.59934979155577,161.8579062944981,208.3645198922609,131.38903566710695,180.36609823465824,156.9170083549211,145.7798126576197,145.38824649590828
labeled-data,ltFLiPAKAREEGEMG00311,img04377.png,275.06664207654956,161.03442330456858,219.89328175127378,179.15104908301737,233.06900959014558,145.38824649590828,186.13047916416474,155.27004237506213,146.6032956475492,151.97611041534418
labeled-data,ltFLiPAKAREEGEMG00311,img04645.png,266.8318121772546,363.61123882722296,275.06664207654956,331.4954022199729,298.94764878450474,354.55292593799857,333.5339343615433,324.90753830053694,359.88539003928696,309.26136149187664
labeled-data,ltFLiPAKAREEGEMG00311,img05212.png,191.0713771037416,234.32440940829315,224.0106967009212,254.08800116660086,193.5418260735301,264.79328003568423,231.4220436102866,300.2030486026523,269.3022611470431,326.5545042803959
labeled-data,ltFLiPAKAREEGEMG00311,img05530.png,210.01148587211986,324.90753830053694,185.30699617423522,357.023374907787,172.95475132529288,315.84922541131255,144.95632966769023,339.7302321192677,,
labeled-data,ltFLiPAKAREEGEMG00311,img06183.png,,,,,,,,,,
labeled-data,ltFLiPAKAREEGEMG00311,img06868.png,374.70808385801774,147.85869546569677,333.5339343615433,118.21330782823514,364.8262879788639,106.68454596922226,343.41573024069714,71.27477740225424,326.9460704421074,42.45287275472214
labeled-data,ltFLiPAKAREEGEMG00311,img07805.png,,,270.9492271269021,49.8642196640875,266.00832918732516,20.218832026625932,223.18721371099167,42.45287275472214,,
labeled-data,ltFLiPAKAREEGEMG00311,img07892.png,252.00911835852384,109.97847792894026,223.18721371099173,82.80353926126708,254.47956732831227,75.39219235190171,229.77507763042763,46.57028770436955,224.83417969085065,21.042315016555335
labeled-data,ltFLiPAKAREEGEMG00311,img08727.png,242.95080546929944,171.73970217365195,210.83496886204938,148.68217845562623,239.6568735095815,137.97689958654286,219.89328175127378,100.92016503971587,217.42283278148528,63.039947502959365
labeled-data,ltFLiPAKAREEGEMG00311,img10088.png,304.7120297140111,202.20857280104303,248.71518639880588,203.03205579097255,265.18484619739564,170.09273619379297,228.95159464049812,157.74049134485062,200.129689992966,132.21251865703647
labeled-data,ltFLiPAKAREEGEMG00311,img14476.png,186.9539621540942,169.26925320386346,186.9539621540942,129.74206968724798,229.77507763042763,144.56476350597882,222.3637307210622,106.68454596922226,208.3645198922609,69.62781142239527
labeled-data,ltFLiPAKAREEGEMG00311,img15241.png,345.88617921048564,113.27240988865822,321.18168951260094,97.62623307999792,345.0626962205561,86.09747122098503,308.8294446636586,63.039947502959365,313.7703426032355,28.453661925920755
labeled-data,ltFLiPAKAREEGEMG00311,img16858.png,308.8294446636586,63.863430492888824,264.3613632074662,60.56949853317087,287.41888692549185,34.21804285542726,255.3030503182418,35.04152584535666,219.06979876134426,48.217253684228524
labeled-data,ltFLiPAKAREEGEMG00311,img20849.png,303.06506373415215,94.33230112027996,272.59619310676106,63.863430492888824,317.887757552883,55.628600593593944,281.65450599598546,28.453661925920755,,
labeled-data,ltFLiPAKAREEGEMG00311,img22315.png,,,,,,,283.30147197584444,57.27556657345292,282.4779889859149,27.630178935991353
labeled-data,ltFLiPAKAREEGEMG00311,img23360.png,242.12732247936998,69.62781142239527,264.3613632074662,49.8642196640875,268.4787781571136,88.56792019077352,319.53472353274196,70.45129441232473,363.1793219990049,71.27477740225424
labeled-data,ltFLiPAKAREEGEMG00311,img24187.png,382.11943076738316,117.38982483830563,351.650560139992,105.8610629792928,384.5898797371716,85.27398823105557,340.94528127090865,70.45129441232473,322.8286554924599,49.8642196640875
labeled-data,ltFLiPAKAREEGEMG00311,img24934.png,,,,,,,276.71360805640853,44.09983873458111,318.71124054281245,67.98084544253629
labeled-data,ltFLiPAKAREEGEMG00311,img25192.png,354.1210091097805,2.9256892381066564,322.8286554924599,51.511185643946476,304.7120297140111,12.807485117260512,280.0075400161265,44.92332172451057,247.0682204189469,73.74522637204268
labeled-data,ltFLiPAKAREEGEMG00311,img26973.png,298.1241657945752,333.96585118976134,331.0634853917548,297.7325996328638,329.4165194118958,336.4363001595499,366.47325395872286,319.1431573710305,392.001226646537,338.90674912933827
labeled-data,ltFLiPAKAREEGEMG00312,img00202.png,378.8254988076652,153.62307639520316,356.59145807956895,114.09589287858768,401.0595395357614,125.62465473760051,390.354260666678,85.27398823105557,356.59145807956895,62.21646451302985
labeled-data,ltFLiPAKAREEGEMG00312,img02835.png,359.06190704935744,163.50487227435707,355.7679750896395,117.38982483830563,386.2368457170306,149.50566144555575,394.4716756163255,108.33151194908129,373.06111787815877,72.92174338211322
labeled-data,ltFLiPAKAREEGEMG00312,img07884.png,362.3558390090754,155.27004237506213,360.7088730292164,105.03757998936328,384.5898797371716,133.85948463689544,401.88302252569093,105.8610629792928,381.29594777745365,69.62781142239527
labeled-data,ltFLiPAKAREEGEMG00312,img11099.png,361.53235601914594,157.74049134485062,355.7679750896395,114.09589287858768,389.5307776767485,137.97689958654286,398.5890905659729,100.09668204978635,382.9429137573126,71.27477740225424
labeled-data,ltFLiPAKAREEGEMG00312,img12481.png,367.2967369486523,147.85869546569677,359.06190704935744,110.80196091886972,392.001226646537,131.38903566710695,399.4125735559024,96.8027500900684,381.29594777745365,69.62781142239527
labeled-data,ltFLiPAKAREEGEMG00312,img17004.png,364.8262879788639,151.97611041534418,359.88539003928696,105.03757998936328,386.2368457170306,131.38903566710695,400.2360565458319,92.68533514042099,380.4724647875242,67.98084544253629
labeled-data,ltFLiPAKAREEGEMG00312,img18454.png,370.5906689083703,154.44655938513267,366.47325395872286,116.56634184837617,395.295158606255,129.74206968724798,406.0004374753383,100.09668204978635,386.2368457170306,70.45129441232473
labeled-data,ltFLiPAKAREEGEMG00312,img19314.png,319.53472353274196,53.98163461373497,317.887757552883,96.8027500900684,283.30147197584444,73.74522637204268,291.5363018751393,123.97768875774153,303.06506373415215,160.21094031463906
labeled-data,ltFLiPAKAREEGEMG00312,img19736.png,,,,,,,337.6513493111907,91.03836916056196,373.06111787815877,123.97768875774159
labeled-data,ltFLiPAKAREEGEMG00312,img20090.png,358.2384240594279,36.68849182521569,382.9429137573126,56.45208358352346,336.0043833313317,67.15736245260678,368.9437029285113,101.74364802964539,373.8846008680882,144.56476350597882
labeled-data,ltFLiPAKAREEGEMG00312,img20625.png,313.7703426032355,130.5655526771775,291.5363018751393,101.74364802964533,331.8869683816843,102.56713101957484,310.47641064351757,71.27477740225424,309.6529276535881,34.21804285542726
labeled-data,ltFLiPAKAREEGEMG00312,img20707.png,367.2967369486523,339.7302321192677,358.2384240594279,304.3204635522997,396.94212458611395,310.9083274717356,385.4133627271011,251.61755219681243,401.0595395357614,209.6199197104084
labeled-data,ltFLiPAKAREEGEMG00312,img21452.png,328.59303642196636,324.0840553106075,292.35978486506883,311.73181046166513,325.2991044622484,300.2030486026523,284.1249549657739,259.8523820961073,258.59698227795974,213.73733466005586
labeled-data,ltFLiPAKAREEGEMG00312,img22432.png,,,,,,,303.06506373415215,73.74522637204268,240.480356499511,84.45050524112605
labeled-data,ltFLiPAKAREEGEMG00312,img23079.png,373.06111787815877,42.45287275472214,359.06190704935744,80.33309029147864,333.5339343615433,59.74601554324141,313.7703426032355,91.86185215049147,,
labeled-data,ltFLiPAKAREEGEMG00312,img23466.png,,,,,,,276.71360805640853,104.21409699943382,313.7703426032355,138.80038257647237
labeled-data,ltFLiPAKAREEGEMG00312,img24243.png,205.89407092247245,26.806695946061836,212.48193484190836,61.39298152310039,173.77823431522233,50.687702654017016,187.77744514402366,92.68533514042099,199.3062070030365,142.09431453619032
labeled-data,ltFLiPAKAREEGEMG00312,img24747.png,396.94212458611395,273.0281099349791,366.47325395872286,247.50013724716496,400.2360565458319,238.44182435794056,369.7671859184408,199.7381238312546,352.47404312992154,152.7995934052737
labeled-data,ltFLiPAKAREEGEMG00312,img24936.png,275.890125066479,250.7940692068829,305.53551270394064,252.44103518674189,291.5363018751393,282.0864228242035,343.41573024069714,276.32204189469707,388.70729468681907,280.43945684434453
labeled-data,ltFLiPAKAREEGEMG00312,img25261.png,389.5307776767485,289.49776973356893,404.35347149547937,324.90753830053694,360.7088730292164,311.73181046166513,359.06190704935744,351.2589939782806,322.8286554924599,380.9043816157422
labeled-data,ltFLiPAKAREEGEMG00312,img25412.png,303.06506373415215,127.27162071745954,306.3589956938701,86.92095421091454,333.5339343615433,101.74364802964533,344.23921323062666,49.8642196640875,383.76639674724214,32.571076875568224
labeled-data,ltFLiPAKAREEGEMG00312,img25637.png,204.24710494261348,40.80590677486316,210.01148587211986,79.50960730154912,172.13126833536336,63.863430492888824,182.01306421451727,105.8610629792928,185.30699617423522,166.79880423407502
labeled-data,ltFLiPAKAREEGEMG00312,img25895.png,,,,,,,349.1801111702036,212.0903686801969,324.4756214723189,188.2093619722417
labeled-data,ltFLiPAKAREEGEMG00312,img26245.png,390.35426066667804,271.38114395512014,349.1801111702036,254.91148415653038,,,336.0043833313317,197.2676748614661,303.06506373415215,157.74049134485062
labeled-data,ltFLiPAKAREEGEMG00312,img26510.png,256.1265333081713,91.86185215049147,247.0682204189469,53.15815162380545,279.18405702619697,63.039947502959365,298.1241657945752,35.041525845356716,336.8278663212612,53.98163461373497
labeled-data,ltFLiPAKAREEGEMG00313,img01046.png,427.41099521350503,395.727075434473,379.6489817975947,393.2566264646846,395.295158606255,343.8476470689152,334.35741735147275,366.0816877970114,294.0067508449278,365.25820480708194
labeled-data,ltFLiPAKAREEGEMG00313,img01594.png,430.704927173223,325.7310212904664,390.35426066667804,354.55292593799857,369.7671859184408,317.4961913911716,346.7096622004151,359.4938238775755,300.5946147643637,375.9634836761653
labeled-data,ltFLiPAKAREEGEMG00313,img04250.png,436.4693081027295,382.5513475956012,384.5898797371716,373.4930347063768,410.11785242498576,335.6128171696203,364.0028049889344,339.7302321192677,322.0051725025304,336.43630015954983
labeled-data,ltFLiPAKAREEGEMG00313,img05197.png,423.29358026385756,372.66955171644736,387.0603287069601,403.96190533376796,378.8254988076652,360.31730686750495,367.2967369486523,414.6671842028513,335.18090034140226,364.4347218171524
labeled-data,ltFLiPAKAREEGEMG00313,img06560.png,419.1761653142102,313.3787764415241,391.1777436566075,343.8476470689152,368.9437029285113,312.5552934515946,350.82707715006256,349.61202799842164,314.59382559316504,366.9051707869409
labeled-data,ltFLiPAKAREEGEMG00313,img07702.png,417.5291993343512,340.55371510919724,372.23763488822925,360.31730686750495,365.64977096879335,315.0257424213831,335.1809003414022,347.14157902863315,291.5363018751393,351.2589939782806
labeled-data,ltFLiPAKAREEGEMG00313,img09379.png,423.29358026385756,297.7325996328638,395.295158606255,331.4954022199729,371.4141518982998,296.08563365300483,356.59145807956895,331.49540221997285,317.887757552883,347.14157902863315
labeled-data,ltFLiPAKAREEGEMG00313,img10110.png,434.82234212287045,341.37719809912676,396.94212458611395,351.2589939782806,387.88381169688955,316.67270840124206,358.2384240594279,343.8476470689152,314.59382559316504,352.9059599581396
labeled-data,ltFLiPAKAREEGEMG00313,img12117.png,444.7041380020243,305.1439465422292,396.94212458611395,329.84843624011387,396.1186415961845,287.85080375370995,363.1793219990049,313.3787764415241,322.0051725025304,324.0840553106075
labeled-data,ltFLiPAKAREEGEMG00313,img14063.png,428.23447820343455,324.0840553106075,409.29436943505635,361.1407898574344,378.8254988076652,329.84843624011387,373.06111787815877,379.25741563588326,331.8869683816843,401.49145636397947
labeled-data,ltFLiPAKAREEGEMG00313,img14512.png,439.76324006244744,281.262939834274,422.47009727392816,320.79012335088953,387.88381169688955,295.2621506630753,382.9429137573127,340.55371510919724,346.7096622004151,355.3764089279281
labeled-data,ltFLiPAKAREEGEMG00313,img14980.png,428.23447820343455,101.74364802964533,419.9996483041396,139.62386556640183,381.29594777745365,122.33072277788256,392.00122664653696,169.26925320386346,386.2368457170306,211.26688569026743
labeled-data,ltFLiPAKAREEGEMG00313,img15419.png,287.41888692549185,241.7357563176585,331.8869683816843,249.14710322702393,298.9476487845047,279.615973854415,358.2384240594279,291.96821870335737,396.94212458611395,315.0257424213831
labeled-data,ltFLiPAKAREEGEMG00313,img15667.png,369.7671859184408,367.7286537768704,341.76876426083817,342.2006810890562,384.5898797371716,332.31888520990236,350.82707715006256,293.6151846832164,353.297526119851,252.44103518674189
labeled-data,ltFLiPAKAREEGEMG00313,img17145.png,443.0571720221654,345.49461304877417,401.0595395357614,361.14078985743447,393.648192626396,316.67270840124206,359.06190704935744,347.14157902863315,322.0051725025304,351.2589939782806
labeled-data,ltFLiPAKAREEGEMG00313,img18248.png,,,371.4141518982998,175.85711712329936,410.11785242498576,186.56239599238273,396.1186415961845,130.5655526771775,393.648192626396,91.86185215049147
labeled-data,ltFLiPAKAREEGEMG00313,img18609.png,429.05796119336406,305.9674295321587,385.4133627271011,289.49776973356893,415.88223335449226,270.5576609651907,378.8254988076652,243.3827222975175,354.1210091097805,208.79643672047894
labeled-data,ltFLiPAKAREEGEMG00313,img18872.png,356.59145807956895,291.96821870335737,368.9437029285113,319.96664036096,331.0634853917548,316.67270840124206,350.00359416013305,360.317306867505,368.12021993858184,403.96190533376796
labeled-data,ltFLiPAKAREEGEMG00313,img19922.png,400.2360565458319,288.6742867436394,424.9405462437166,329.0249532501844,384.5898797371716,325.7310212904664,382.11943076738316,366.9051707869409,343.41573024069714,362.78775583729345
labeled-data,ltFLiPAKAREEGEMG00313,img21273.png,387.0603287069601,298.55608262279327,424.9405462437166,316.67270840124206,393.648192626396,329.84843624011387,419.9996483041396,359.4938238775755,395.295158606255,388.3157285251076
labeled-data,ltFLiPAKAREEGEMG00313,img22780.png,,,442.2336890322359,357.8468578977165,404.35347149547937,370.19910274665887,419.1761653142101,399.8444903841205,383.76639674724214,405.6088713136269
labeled-data,ltFLiPAKAREEGEMG00313,img24530.png,,,440.58672305237684,276.32204189469707,398.589090565973,286.203837773851,420.8231312940691,317.4961913911716,410.9413354149153,350.4355109883511
labeled-data,ltFLiPAKAREEGEMG00313,img25169.png,324.4756214723189,343.8476470689152,368.9437029285113,353.72944294806905,344.23921323062666,380.0808986258127,393.648192626396,399.8444903841205,,
labeled-data,ltFLiPAKAREEGEMG00313,img25618.png,418.3526823242807,300.2030486026523,380.4724647875242,287.02732076378044,409.29436943505624,275.4985589047676,377.1785328278062,226.91306249892773,351.650560139992,181.6214980528058
labeled-data,ltFLiPAKAREEGEMG00313,img25841.png,447.99806996174226,330.6719192300434,403.52998850554985,338.0832661394088,420.8231312940691,307.6143955120177,366.47325395872286,300.2030486026523,340.94528127090865,278.79249086448556
labeled-data,ltFLiPAKAREEGEMG00315,img00236.png,,,452.11548491138973,386.6687625452487,415.05875036456274,380.9043816157422,419.9996483041396,408.90280327334483,,
labeled-data,ltFLiPAKAREEGEMG00315,img01024.png,,,444.7041380020243,366.08168779701145,411.7648184048448,380.9043816157422,429.88144418329347,399.8444903841205,,
labeled-data,ltFLiPAKAREEGEMG00315,img05034.png,,,436.4693081027295,342.2006810890562,403.52998850554985,364.4347218171525,425.7640292336461,390.7861774948961,,
labeled-data,ltFLiPAKAREEGEMG00315,img05125.png,,,441.41020604230636,351.2589939782806,406.8239204652678,368.5521367667999,426.58751222357563,398.19752440426146,,
labeled-data,ltFLiPAKAREEGEMG00315,img05907.png,,,437.2927910926589,352.9059599581396,403.52998850554985,374.3165176963063,422.47009727392816,397.374041414332,,
labeled-data,ltFLiPAKAREEGEMG00315,img07791.png,,,435.64582511279997,355.3764089279281,401.88302252569093,378.43393264595375,427.41099521350503,395.727075434473,,
labeled-data,ltFLiPAKAREEGEMG00315,img07962.png,,,420.8231312940691,372.66955171644736,401.88302252569093,402.3149393539089,429.88144418329347,405.6088713136269,,
labeled-data,ltFLiPAKAREEGEMG00315,img09328.png,,,440.58672305237684,349.61202799842164,406.8239204652678,366.9051707869409,429.88144418329347,388.3157285251076,,
labeled-data,ltFLiPAKAREEGEMG00315,img09559.png,,,437.2927910926589,351.2589939782806,399.4125735559024,375.1400006862358,423.29358026385756,389.1392115150371,,
labeled-data,ltFLiPAKAREEGEMG00315,img09890.png,,,433.99885913294094,351.2589939782806,401.0595395357614,366.08168779701145,424.1170632537871,386.6687625452487,,
labeled-data,ltFLiPAKAREEGEMG00315,img10798.png,,,438.9397570725179,363.61123882722296,401.88302252569093,386.6687625452487,427.41099521350503,392.43314347475507,,
labeled-data,ltFLiPAKAREEGEMG00315,img11613.png,,,432.351893153082,372.66955171644736,400.2360565458319,380.9043816157422,417.5291993343512,401.4914563639795,,
labeled-data,ltFLiPAKAREEGEMG00315,img11973.png,,,437.2927910926589,349.61202799842164,398.589090565973,361.964272847364,421.64661428399864,384.1983135754602,,
labeled-data,ltFLiPAKAREEGEMG00315,img13452.png,,,422.47009727392816,343.8476470689152,387.88381169688955,362.78775583729345,417.5291993343512,387.49224553517814,,
labeled-data,ltFLiPAKAREEGEMG00315,img14260.png,,,424.1170632537871,352.9059599581396,388.70729468681907,371.84606872651784,420.82313129406924,403.96190533376796,,
labeled-data,ltFLiPAKAREEGEMG00315,img14682.png,,,455.4094168711078,387.49224553517814,415.88223335449226,380.0808986258127,415.05875036456274,409.72628626327435,,
labeled-data,ltFLiPAKAREEGEMG00315,img16028.png,,,436.4693081027295,336.4363001595498,397.76560757604346,355.3764089279281,420.8231312940691,381.7278646056717,,
labeled-data,ltFLiPAKAREEGEMG00315,img17625.png,,,446.35110398188334,338.0832661394088,413.4117843847037,341.37719809912676,425.7640292336461,382.55134759560127,,
labeled-data,ltFLiPAKAREEGEMG00315,img18384.png,,,448.8215529516718,383.37483058553073,414.2352673746332,368.5521367667999,414.2352673746332,398.19752440426146,,
labeled-data,ltFLiPAKAREEGEMG00315,img20424.png,,,438.9397570725179,339.7302321192677,399.4125735559024,356.19989191785754,424.9405462437166,380.9043816157422,,
labeled-data,ltFLiPAKAREEGEMG00315,img20532.png,,,429.88144418329347,354.55292593799857,396.94212458611395,368.5521367667999,417.5291993343512,393.2566264646846,,
labeled-data,ltFLiPAKAREEGEMG00315,img22500.png,,,447.99806996174226,343.0241640789857,412.5883013947743,351.2589939782806,421.64661428399864,380.9043816157422,,
labeled-data,ltFLiPAKAREEGEMG00315,img23148.png,,,446.35110398188334,336.4363001595498,411.7648184048448,345.49461304877417,424.1170632537871,389.96269450496663,,
labeled-data,ltFLiPAKAREEGEMG00315,img24718.png,,,447.17458697181274,338.90674912933827,412.5883013947743,349.61202799842164,429.05796119336395,380.9043816157422,,
labeled-data,ltFLiPAKAREEGEMG00315,img26684.png,,,450.4685189315308,352.08247696821013,410.11785242498576,359.4938238775755,417.5291993343512,386.6687625452487,387.88381169688955,405.6088713136269
labeled-data,ltFLiPAKAREEGEMG003212,img00239.png,,,237.3161258266799,21.737604084569853,237.3161258266799,53.811071514237824,289.9495082753657,36.540742898262806,336.8261145187266,65.32462392488787
labeled-data,ltFLiPAKAREEGEMG003212,img01151.png,,,,,,,,,293.2390946784085,83.41734914162362
labeled-data,ltFLiPAKAREEGEMG003212,img02197.png,,,,,,,271.85678305862996,62.03503752184503,277.61355926395504,113.02362676900947
labeled-data,ltFLiPAKAREEGEMG003212,img02609.png,,,289.9495082753657,40.65272590206638,253.76405784189419,29.139173491416386,269.3895932563478,75.19338313401647,274.32397286091214,116.31321317205231
labeled-data,ltFLiPAKAREEGEMG003212,img03488.png,484.035106054895,443.6270602748176,427.28974060240546,428.8239214611247,448.6720522221841,392.63847102765317,386.1699105643696,370.4337628071138,344.22768392557305,330.9587259705994
labeled-data,ltFLiPAKAREEGEMG003212,img04644.png,407.55222218414826,69.43660692869145,363.1428057430695,80.12776273858077,375.4787547544803,42.297519103587774,316.2661994997087,48.0542953089128,258.69843744645846,66.96941712640933
labeled-data,ltFLiPAKAREEGEMG003212,img05909.png,203.59786519549047,344.93946818353163,169.05720796354038,320.2675701607101,216.75621080766197,310.3988109515815,183.03795017647255,265.9893945105028,178.10357057190825,216.6455984648598
labeled-data,ltFLiPAKAREEGEMG003212,img07954.png,400.97304937806257,3.644878867834109,364.78759894459097,44.76470890586995,352.4516499331802,15.158431278484159,318.7333893019909,48.876691909673525,284.19273207004073,89.17412534694864
labeled-data,ltFLiPAKAREEGEMG003212,img10688.png,,,169.8796045643011,146.74188740019883,215.11141760614052,151.67626700476313,217.57860740842264,99.04288455607724,257.0536442449371,75.19338313401647
labeled-data,ltFLiPAKAREEGEMG003212,img12093.png,,,,,,,327.77975191035875,63.67983072336642,314.62140629818725,103.15486755988087
labeled-data,ltFLiPAKAREEGEMG003212,img13252.png,,,310.5094232943836,8.579258472398465,270.2119898571085,27.494380289894934,314.62140629818725,54.63346811499855,336.8261145187266,106.44445396292372
labeled-data,ltFLiPAKAREEGEMG003212,img15105.png,173.16919096734395,42.297519103587774,196.19629578864405,20.0928108830484,197.01869238940472,67.79181372717005,251.29686803961206,41.475122502827105,302.2854572867765,46.409502107391404
labeled-data,ltFLiPAKAREEGEMG003212,img16628.png,320.3781825035122,33.2511564952199,281.72554226775856,63.67983072336642,266.9224034540657,24.20479388685203,238.9609190282013,87.52933214542725,224.1577802145084,121.24759277661661
labeled-data,ltFLiPAKAREEGEMG003212,img18154.png,269.3895932563478,106.44445396292372,220.86819381146555,113.02362676900947,238.9609190282013,71.0814001302129,198.66348559092617,85.06214234314507,,
labeled-data,ltFLiPAKAREEGEMG003212,img19672.png,348.3396669293767,20.0928108830484,339.2933043210088,61.2126409210843,307.21983689134083,27.494380289894934,287.48231847308364,62.03503752184503,,
labeled-data,ltFLiPAKAREEGEMG003212,img20399.png,,,405.9074289826268,292.30608573484574,444.5600692183806,291.483689134085,417.42098139327686,232.27113387931342,422.3553609978412,182.92733783367044
labeled-data,ltFLiPAKAREEGEMG003212,img20764.png,270.2119898571085,63.67983072336642,298.17347428297296,45.58710550663068,298.17347428297296,79.30536613782004,356.5636329369838,82.59495254086295,391.10429016893397,121.24759277661661
labeled-data,ltFLiPAKAREEGEMG003212,img21058.png,210.99943460233695,180.46014803138826,177.28117397114752,162.36742281465246,218.40100400918337,150.8538704040024,207.70984819929404,107.26685056368444,248.00728163656922,83.41734914162362
labeled-data,ltFLiPAKAREEGEMG003212,img22251.png,511.1741938799986,137.69552479183096,456.89601822979125,184.57213103519183,456.07362162903064,122.89238597813807,420.71056779631976,187.86171743823468,,
labeled-data,ltFLiPAKAREEGEMG003212,img22518.png,406.72982558338754,244.60708289072414,437.15849981153406,282.43732652571714,396.86106637425894,276.6805503203921,438.8032930130555,331.78112257136013,424.00015419936267,377.0129356131996
labeled-data,ltFLiPAKAREEGEMG003212,img23115.png,188.79472638179757,182.92733783367038,170.70200116506183,163.18981941541318,210.99943460233695,160.722629613131,190.43951958331903,122.06998937737734,201.13067539320835,80.9501593393415
labeled-data,ltFLiPAKAREEGEMG003212,img23824.png,149.31968954528318,358.9202103964638,173.99158756810468,342.47227838124945,173.99158756810468,365.49938320254955,234.026539423637,328.4915361683173,281.72554226775856,304.6420347462565
labeled-data,ltFLiPAKAREEGEMG003212,img24321.png,368.0771853476339,221.5799780694241,386.1699105643696,187.03932083747395,401.7954459788233,236.383116883117,426.46734400164473,186.21692423671323,450.31684542370556,136.87312819107024
labeled-data,ltFLiPAKAREEGEMG003212,img24831.png,,,,,,,282.5479388685193,48.876691909673525,260.3432306479799,91.64131514923082
labeled-data,ltFLiPAKAREEGEMG003212,img25770.png,322.0229757050337,17.625621080766336,305.5750436898194,57.9230545180414,280.0807490662371,28.31677689065566,264.45521365178354,67.79181372717005,247.1848850358085,101.51007435835942
labeled-data,ltFLiPAKAREEGEMG003219,img00835.png,,,203.59786519549047,285.72691292876,,,221.69059041222627,236.383116883117,210.99943460233695,187.03932083747395
labeled-data,ltFLiPAKAREEGEMG003219,img01317.png,226.62497001679057,312.04360415310293,192.08431278484042,299.70765514169216,229.91455641983342,287.37170613028144,209.3546414008155,242.9622896892027,201.95307199396902,201.84245965116685
labeled-data,ltFLiPAKAREEGEMG003219,img01860.png,,,,,,,212.64422780385834,272.56856731658854,174.8139841688654,268.4565843127849
labeled-data,ltFLiPAKAREEGEMG003219,img02105.png,,,,,,,215.93381420690125,261.0550149059385,170.70200116506183,255.29823870061347
labeled-data,ltFLiPAKAREEGEMG003219,img03568.png,276.7911626631943,253.65344549909202,238.13852242744056,272.56856731658854,247.1848850358085,228.98154747627052,201.13067539320835,251.1862556968099,169.05720796354038,263.5222047082206
labeled-data,ltFLiPAKAREEGEMG003219,img03794.png,276.7911626631943,252.00865229757062,243.07290203200486,273.3909639173492,243.07290203200486,228.98154747627052,208.53224480005477,252.00865229757062,174.8139841688654,261.0550149059385
labeled-data,ltFLiPAKAREEGEMG003219,img08415.png,270.2119898571085,255.29823870061347,238.13852242744056,261.0550149059385,250.47447143885134,224.04716787170622,206.06505499777265,244.60708289072414,164.12282835897608,258.5878251036563
labeled-data,ltFLiPAKAREEGEMG003219,img08673.png,268.56719665558717,249.54146249528844,231.55934962135487,269.27898091354564,233.20414282287626,235.56072028235627,197.01869238940472,254.47584209985274,,
labeled-data,ltFLiPAKAREEGEMG003219,img09236.png,266.9224034540657,246.2518760922456,,,242.2505054312442,225.69196107322767,200.30827879244762,248.71906589452772,,
labeled-data,ltFLiPAKAREEGEMG003219,img11074.png,276.7911626631943,259.41022170441704,234.026539423637,265.16699790974207,243.8952986327656,225.69196107322767,199.4858821916869,249.54146249528844,,
labeled-data,ltFLiPAKAREEGEMG003219,img11272.png,268.56719665558717,267.63418771202424,231.55934962135487,269.27898091354564,256.2312476441764,224.86956447246695,192.08431278484042,247.896669293767,,
labeled-data,ltFLiPAKAREEGEMG003219,img13381.png,271.03438645786923,266.8117911112635,240.60571222972274,284.08211972723853,257.0536442449371,238.85030668539912,202.77546859472974,258.5878251036563,,
labeled-data,ltFLiPAKAREEGEMG003219,img14174.png,,,,,239.78331562896201,232.27113387931342,199.4858821916869,254.47584209985274,,
labeled-data,ltFLiPAKAREEGEMG003219,img15064.png,275.14636946167286,263.5222047082206,242.2505054312442,282.43732652571714,249.6520748380906,230.62634067779197,194.5515025871226,255.29823870061347,,
labeled-data,ltFLiPAKAREEGEMG003219,img17073.png,267.74480005482644,263.5222047082206,241.42810883048347,278.32534352191357,249.6520748380906,236.383116883117,198.66348559092617,251.1862556968099,,
labeled-data,ltFLiPAKAREEGEMG003219,img17549.png,271.85678305862996,263.5222047082206,238.9609190282013,275.8581537196314,254.5864544426549,231.4487372785527,192.90670938560115,252.00865229757062,,
labeled-data,ltFLiPAKAREEGEMG003219,img18859.png,277.61355926395504,268.4565843127849,240.60571222972274,275.03575711887066,261.16562724874063,233.91592708083482,201.13067539320835,244.60708289072414,,
labeled-data,ltFLiPAKAREEGEMG003219,img19048.png,278.43595586471577,275.03575711887066,236.49372922591917,275.03575711887066,261.16562724874063,234.73832368159555,202.77546859472974,242.13989308844202,,
labeled-data,ltFLiPAKAREEGEMG003219,img19356.png,273.5015762601514,271.7461707158278,244.7176952335263,272.56856731658854,265.27761025254426,235.56072028235627,203.59786519549047,242.9622896892027,,
labeled-data,ltFLiPAKAREEGEMG003219,img21095.png,271.03438645786923,279.97013672343496,241.42810883048347,265.16699790974207,268.56719665558717,239.67270328615984,198.66348559092617,240.49509988692057,,
labeled-data,ltFLiPAKAREEGEMG003219,img22345.png,267.74480005482644,287.37170613028144,237.3161258266799,292.30608573484574,256.2312476441764,247.896669293767,206.06505499777265,254.47584209985274,,
labeled-data,ltFLiPAKAREEGEMG003219,img24258.png,243.07290203200486,296.4180687386493,199.4858821916869,286.5493095295207,226.62497001679057,261.0550149059385,187.97232978103685,245.42947949148487,,
labeled-data,ltFLiPAKAREEGEMG003219,img25023.png,243.8952986327656,307.9316211492993,210.99943460233695,310.3988109515815,237.3161258266799,278.32534352191357,189.6171229825583,258.5878251036563,,
labeled-data,ltFLiPAKAREEGEMG003219,img25183.png,250.47447143885134,298.0628619401707,219.2234006099441,304.6420347462565,234.026539423637,270.9237741150671,195.37389918788332,261.0550149059385,,
labeled-data,ltFLiPAKAREEGEMG003219,img25329.png,248.8296782373299,298.0628619401707,215.93381420690125,309.57641435082076,233.20414282287626,272.56856731658854,194.5515025871226,265.9893945105028,,
labeled-data,ltFLiPAKAREEGEMG00325,img00461.png,267.65529516718414,123.15420576781207,251.18563536859432,88.56792019077352,290.71281888520986,92.68533514042099,284.1249549657739,53.15815162380545,,
labeled-data,ltFLiPAKAREEGEMG00325,img02620.png,266.00832918732516,107.50802895915177,253.6560843383828,73.74522637204268,295.6537168247868,87.744437200844,299.7711317744342,51.511185643946476,,
labeled-data,ltFLiPAKAREEGEMG00325,img04384.png,253.65608433838287,105.03757998936334,245.42125443908793,76.21567534183117,286.5954039355624,87.744437200844,285.77192094563287,49.8642196640875,,
labeled-data,ltFLiPAKAREEGEMG00325,img05936.png,272.59619310676106,121.5072397879531,250.36215237866486,89.39140318070298,293.1832678549983,90.2148861706325,285.77192094563287,45.74680471444009,,
labeled-data,ltFLiPAKAREEGEMG00325,img06294.png,,,287.41888692549185,94.33230112027996,313.7703426032355,67.98084544253629,280.83102300605594,39.982423784933644,,
labeled-data,ltFLiPAKAREEGEMG00325,img08599.png,290.71281888520986,113.27240988865822,272.59619310676106,88.56792019077352,312.94685961330606,90.2148861706325,306.3589956938701,50.68770265401696,,
labeled-data,ltFLiPAKAREEGEMG00325,img10266.png,285.77192094563287,122.33072277788256,266.8318121772546,91.86185215049147,302.2415807442227,91.86185215049147,313.7703426032355,53.15815162380545,,
labeled-data,ltFLiPAKAREEGEMG00325,img10535.png,289.0658529053508,136.32993360668388,260.2439482578187,132.21251865703647,289.88933589528034,104.21409699943382,257.7734992880303,80.33309029147864,287.41888692549185,55.628600593593944
labeled-data,ltFLiPAKAREEGEMG00325,img10845.png,303.06506373415215,111.62544390879924,281.65450599598546,77.86264132169015,323.6521384823894,72.0982603921837,306.35899569387016,41.62938976479262,266.8318121772546,27.630178935991353
labeled-data,ltFLiPAKAREEGEMG00325,img12944.png,392.001226646537,89.39140318070298,358.2384240594279,76.21567534183117,393.648192626396,57.27556657345292,331.8869683816843,35.865008835286176,286.5954039355624,52.33466863387599
labeled-data,ltFLiPAKAREEGEMG00325,img13974.png,327.76955343203684,9.51355315754256,337.6513493111907,34.21804285542726,298.94764878450474,20.218832026625932,333.5339343615433,67.15736245260678,353.297526119851,114.09589287858768
labeled-data,ltFLiPAKAREEGEMG00325,img14903.png,210.01148587211986,94.33230112027996,207.54103690233143,58.09904956338244,242.12732247936998,83.62702225119659,264.3613632074661,46.570287704369605,305.53551270394064,35.865008835286176
labeled-data,ltFLiPAKAREEGEMG00325,img15909.png,174.60171730515185,78.68612431161966,176.24868328501083,43.276355744651596,203.42362195268396,68.80432843246575,236.36294154986354,49.04073667415804,274.24315908662004,41.62938976479262
labeled-data,ltFLiPAKAREEGEMG00325,img17396.png,267.65529516718414,69.62781142239527,278.3605740362675,47.393770694299064,298.94764878450474,71.27477740225424,329.4165194118958,38.33545780507467,,
labeled-data,ltFLiPAKAREEGEMG00325,img20308.png,289.88933589528034,116.56634184837617,289.0658529053508,79.50960730154912,322.0051725025304,99.27319905985689,336.82786632126124,52.33466863387599,317.887757552883,26.806695946061836
labeled-data,ltFLiPAKAREEGEMG00325,img20836.png,200.129689992966,77.03915833176069,217.42283278148528,51.511185643946476,236.36294154986354,82.80353926126708,267.65529516718414,47.393770694299064,308.00596167372913,38.33545780507467
labeled-data,ltFLiPAKAREEGEMG00325,img21901.png,243.77428845922896,113.27240988865822,218.24631577141474,92.68533514042099,252.8326013484533,83.62702225119659,229.77507763042763,50.687702654017016,,
labeled-data,ltFLiPAKAREEGEMG00325,img22947.png,319.53472353274196,137.97689958654286,292.35978486506883,122.33072277788256,336.0043833313317,106.68454596922226,296.47719981471624,81.98005627133762,,
labeled-data,ltFLiPAKAREEGEMG00325,img23171.png,350.00359416013305,277.96900787455604,336.82786632126124,250.7940692068829,375.5315668479472,273.0281099349791,355.7679750896395,187.38587898231225,328.59303642196636,126.44813772753002
labeled-data,ltFLiPAKAREEGEMG00325,img23620.png,285.77192094563287,96.8027500900684,302.2415807442227,123.97768875774153,269.3022611470431,109.15499493901075,280.83102300605594,175.85711712329936,275.890125066479,245.02968827737647
labeled-data,ltFLiPAKAREEGEMG00325,img24445.png,,,,,,,228.95159464049812,66.33387946267732,,
labeled-data,ltFLiPAKAREEGEMG00325,img24587.png,,,,,,,235.53945855993402,62.21646451302985,,
labeled-data,ltFLiPAKAREEGEMG00325,img25288.png,,,387.88381169688955,142.09431453619032,346.7096622004151,125.62465473760051,345.88617921048564,168.445770213934,298.1241657945752,165.9753212441455
labeled-data,ltFLiPAKAREEGEMG00325,img26120.png,,,164.71992142599794,38.33545780507467,169.66081936557492,67.98084544253629,219.0697987613442,51.511185643946476,260.2439482578187,58.09904956338244
labeled-data,ltFLiPAKAREEGEMG00325,img26756.png,,,336.82786632126124,82.80353926126708,374.70808385801774,81.98005627133762,324.4756214723189,47.393770694299064,282.4779889859149,39.982423784933644
labeled-data,ltFLiPAKAREEGEMG00330,img00291.png,399.4125735559024,245.85317126730598,400.2360565458319,294.43866767314586,363.1793219990049,272.2046269450496,347.5331451903446,322.43708933074845,304.7120297140111,343.8476470689152
labeled-data,ltFLiPAKAREEGEMG00330,img00577.png,280.83102300605594,104.21409699943382,239.6568735095815,106.68454596922226,259.42046526788926,68.80432843246575,213.30541783183781,79.50960730154912,191.0713771037416,113.27240988865822
labeled-data,ltFLiPAKAREEGEMG00330,img04470.png,,,,,,,,,,
labeled-data,ltFLiPAKAREEGEMG00330,img04858.png,259.42046526788926,6.219621197824608,267.65529516718414,39.158940795004185,236.36294154986354,38.33545780507467,248.71518639880588,73.74522637204268,256.95001629810076,110.80196091886972
labeled-data,ltFLiPAKAREEGEMG00330,img05464.png,315.4173085830945,3.749172228036173,314.59382559316504,22.689280996414368,275.890125066479,11.984002127330996,290.71281888520986,67.98084544253629,313.7703426032355,104.21409699943382
labeled-data,ltFLiPAKAREEGEMG00330,img07582.png,213.30541783183781,164.32835526428653,180.36609823465824,147.85869546569677,222.3637307210622,132.21251865703647,192.7183430836006,111.62544390879924,168.8373363756454,91.86185215049147
labeled-data,ltFLiPAKAREEGEMG00330,img10304.png,152.36767657705565,238.44182435794056,149.0737446173377,203.855538780902,181.18958122458776,227.7365454888572,183.66003019437625,175.85711712329936,197.65924102317751,133.03600164696593
labeled-data,ltFLiPAKAREEGEMG00330,img11477.png,,,,,,,413.4117843847037,16.101417076978464,396.94212458611395,50.687702654017016
labeled-data,ltFLiPAKAREEGEMG00330,img11748.png,314.59382559316504,12.807485117260512,330.24000240182534,50.687702654017016,296.47719981471624,59.74601554324141,327.76955343203684,94.33230112027996,332.7104513716138,136.32993360668388
labeled-data,ltFLiPAKAREEGEMG00330,img12430.png,,,,,368.12021993858184,44.09983873458111,345.0626962205562,73.74522637204274,,
labeled-data,ltFLiPAKAREEGEMG00330,img12560.png,378.8254988076652,222.79564754928026,334.35741735147275,196.4441918715366,377.1785328278062,184.0919470225943,347.5331451903446,137.1534165966134,328.59303642196636,100.92016503971587
labeled-data,ltFLiPAKAREEGEMG00330,img13169.png,371.4141518982998,5.396138207895092,359.06190704935744,35.865008835286176,328.59303642196636,14.454451097119431,313.7703426032355,60.56949853317087,295.6537168247868,112.4489268987287
labeled-data,ltFLiPAKAREEGEMG00330,img15206.png,197.65924102317751,301.8500145825112,201.77665597282498,332.31888520990236,172.13126833536336,313.3787764415241,157.30857451663258,353.72944294806905,132.60408481874788,376.78696666609477
labeled-data,ltFLiPAKAREEGEMG00330,img15639.png,393.648192626396,5.396138207895092,395.295158606255,45.74680471444009,362.3558390090754,29.277144915850272,336.0043833313317,67.98084544253629,,
labeled-data,ltFLiPAKAREEGEMG00330,img16892.png,,,,,,,,,229.77507763042763,96.8027500900684
labeled-data,ltFLiPAKAREEGEMG00330,img17784.png,433.17537614301153,109.97847792894026,387.88381169688955,103.3906140095043,403.52998850554985,72.0982603921837,350.00359416013305,81.1565732814081,,
labeled-data,ltFLiPAKAREEGEMG00330,img18665.png,,,,,,,,,,
labeled-data,ltFLiPAKAREEGEMG00330,img20320.png,,,329.4165194118958,35.865008835286176,288.24236991542136,32.571076875568224,300.5946147643637,67.98084544253624,282.4779889859149,120.68375679802358
labeled-data,ltFLiPAKAREEGEMG00330,img21072.png,191.89486009367113,312.5552934515946,185.30699617423522,357.8468578977165,158.95554049649155,326.5545042803959,149.0737446173377,366.08168779701145,145.7798126576197,406.4323543035564
labeled-data,ltFLiPAKAREEGEMG00330,img21788.png,403.52998850554985,394.9035924445435,382.9429137573126,348.7885450084922,416.70571634442166,357.023374907787,406.0004374753383,297.7325996328638,394.47167561632546,242.55923930758803
labeled-data,ltFLiPAKAREEGEMG00330,img22434.png,161.42598946628,265.6167630256137,177.0721662749403,315.84922541131255,132.60408481874788,309.26136149187664,170.48430235550438,352.9059599581396,208.3645198922609,372.66955171644736
labeled-data,ltFLiPAKAREEGEMG00330,img23040.png,253.6560843383828,74.5687093619722,279.18405702619697,44.09983873458111,284.1249549657739,83.62702225119659,339.2983152910497,61.39298152310039,388.70729468681907,58.922532553311896
labeled-data,ltFLiPAKAREEGEMG00330,img24552.png,,,,,,,,,,
labeled-data,ltFLiPAKAREEGEMG00330,img26052.png,,,,,,,407.6474034551973,357.8468578977165,364.8262879788639,315.84922541131255
labeled-data,ltFLiPAKAREEGEMG00330,img26903.png,,,,,,,247.0682204189469,52.33466863387599,287.41888692549185,98.44971606992738
labeled-data,ltFLiPAKAREEGEMG003312,img00403.png,,,,,,,,,,
labeled-data,ltFLiPAKAREEGEMG003312,img02235.png,,,,,,,,,,
labeled-data,ltFLiPAKAREEGEMG003312,img04873.png,,,,,,,,,,
labeled-data,ltFLiPAKAREEGEMG003312,img07245.png,312.1542164959051,347.40665798581375,284.19273207004073,320.2675701607101,331.89173491416227,315.33319055614584,306.3974402905801,274.21336051810994,299.8182674844944,227.33675427474907
labeled-data,ltFLiPAKAREEGEMG003312,img07353.png,424.00015419936267,438.6926806702533,401.7954459788233,396.7504540314568,438.8032930130555,414.0207826474318,415.7761881917554,358.0978137957031,390.28189356817325,305.4644313470172
labeled-data,ltFLiPAKAREEGEMG003312,img08762.png,,,,,,,,,,
labeled-data,ltFLiPAKAREEGEMG003312,img09130.png,,,,,,,,,,
labeled-data,ltFLiPAKAREEGEMG003312,img10496.png,,,,,,,253.76405784189419,43.942312305109226,289.9495082753657,63.67983072336642
labeled-data,ltFLiPAKAREEGEMG003312,img11468.png,,,,,,,,,281.72554226775856,74.37098653325575
labeled-data,ltFLiPAKAREEGEMG003312,img11818.png,,,,,,,,,282.5479388685193,72.72619333173435
labeled-data,ltFLiPAKAREEGEMG003312,img12039.png,,,,,,,,,283.37033546928,79.30536613782004
labeled-data,ltFLiPAKAREEGEMG003312,img14197.png,,,,,,,,,,
labeled-data,ltFLiPAKAREEGEMG003312,img15063.png,364.78759894459097,34.07355309598063,,,,,,,,
labeled-data,ltFLiPAKAREEGEMG003312,img15227.png,397.68346297501967,3.644878867834109,,,,,,,297.35107768221224,62.03503752184503
labeled-data,ltFLiPAKAREEGEMG003312,img15690.png,415.7761881917554,43.942312305109226,,,,,,,,
labeled-data,ltFLiPAKAREEGEMG003312,img16381.png,,,,,,,260.3432306479799,58.74545111880212,270.2119898571085,103.15486755988087
labeled-data,ltFLiPAKAREEGEMG003312,img16827.png,281.72554226775856,406.6192132405854,276.7911626631943,370.4337628071138,307.21983689134083,385.23690162080675,312.9766130966658,333.4259157728816,333.5365281156837,275.03575711887066
labeled-data,ltFLiPAKAREEGEMG003312,img16951.png,132.87175753006883,67.79181372717005,,,,,187.97232978103685,139.34031799335241,,
labeled-data,ltFLiPAKAREEGEMG003312,img17493.png,363.1428057430695,128.6491621834631,351.62925333241947,88.35172874618797,385.3475139636089,109.73404036596656,394.39387657197676,67.79181372717005,376.301151355241,34.07355309598063
labeled-data,ltFLiPAKAREEGEMG003312,img17609.png,264.45521365178354,454.31821608470693,283.37033546928,390.9936778261317,316.2661994997087,431.2911112634069,340.93809752253014,390.9936778261317,373.83396155295884,349.0514511873352
labeled-data,ltFLiPAKAREEGEMG003312,img19322.png,294.88388787993006,127.00436898194164,280.90314566699783,74.37098653325575,317.91099270123016,77.66057293629865,304.75264708905866,40.65272590206638,,
labeled-data,ltFLiPAKAREEGEMG003312,img21520.png,,,,,,,,,,
labeled-data,ltFLiPAKAREEGEMG003312,img23907.png,298.17347428297296,56.27826131652,304.75264708905866,15.158431278484159,335.1813213172052,42.297519103587774,365.6099955453517,19.270414282287675,377.12354795600174,64.50222732412715
labeled-data,ltFLiPAKAREEGEMG003312,img25875.png,,,187.97232978103685,93.28610835075227,229.91455641983342,85.06214234314507,210.99943460233695,48.876691909673525,243.07290203200486,52.16627831271643
labeled-data,ltFLiPAKAREEGEMG003312,img26378.png,,,380.41313435904465,27.494380289894934,355.7412363362231,7.756861871637739,329.4245451118802,39.00793270054493,294.06149127916933,58.74545111880212
labeled-data,ltFLiPAKAREEGEMG003318,img01181.png,342.5828907240516,87.52933214542725,332.714131514923,53.811071514237824,367.25478874687315,71.0814001302129,336.0037179179659,23.382397286091305,,
labeled-data,ltFLiPAKAREEGEMG003318,img03472.png,340.11570092176953,80.12776273858077,337.64851111948735,56.27826131652,371.3667717506768,70.25900352945217,,,,
labeled-data,ltFLiPAKAREEGEMG003318,img04109.png,345.8724771270945,81.77255594010222,331.89173491416227,52.16627831271643,373.0115649521981,61.2126409210843,342.5828907240516,31.60636329369845,,
labeled-data,ltFLiPAKAREEGEMG003318,img04911.png,340.11570092176953,85.06214234314507,340.11570092176953,55.455864715759276,376.301151355241,73.54858993249502,342.5828907240516,26.67198368913421,,
labeled-data,ltFLiPAKAREEGEMG003318,img06794.png,345.8724771270945,82.59495254086295,336.8261145187266,52.16627831271643,377.12354795600174,70.25900352945217,341.76049412329087,25.027190487612756,,
labeled-data,ltFLiPAKAREEGEMG003318,img07364.png,348.3396669293767,78.48296953705932,337.64851111948735,53.811071514237824,378.7683411575232,72.72619333173435,,,,
labeled-data,ltFLiPAKAREEGEMG003318,img09024.png,336.8261145187266,82.59495254086295,342.5828907240516,53.811071514237824,373.83396155295884,73.54858993249502,,,,
labeled-data,ltFLiPAKAREEGEMG003318,img09646.png,344.22768392557305,77.66057293629865,324.49016550731585,48.876691909673525,371.3667717506768,48.0542953089128,324.49016550731585,18.448017681527062,,
labeled-data,ltFLiPAKAREEGEMG003318,img09805.png,160.0108453551725,64.50222732412715,184.682743377994,38.1855360997842,187.97232978103685,84.23974574238434,228.26976321831197,53.811071514237824,271.03438645786923,40.65272590206638
labeled-data,ltFLiPAKAREEGEMG003318,img10161.png,320.3781825035122,78.48296953705932,295.7062844806908,59.56784771956285,336.8261145187266,44.76470890586995,297.35107768221224,28.31677689065566,,
labeled-data,ltFLiPAKAREEGEMG003318,img10243.png,318.7333893019909,79.30536613782004,297.35107768221224,62.03503752184503,335.1813213172052,48.0542953089128,296.5286810814515,21.737604084569853,,
labeled-data,ltFLiPAKAREEGEMG003318,img14725.png,317.91099270123016,84.23974574238434,301.46306068601575,66.1470205256486,339.2933043210088,57.9230545180414,308.04223349210156,31.60636329369845,,
labeled-data,ltFLiPAKAREEGEMG003318,img15869.png,322.8453723057944,82.59495254086295,298.9958708837337,62.03503752184503,346.6948737278552,57.10065791728073,309.687026693623,29.961570092177,,
labeled-data,ltFLiPAKAREEGEMG003318,img16679.png,311.33181989514435,90.8189185484701,290.7719048761264,63.67983072336642,331.06933831340154,49.69908851043425,301.46306068601575,26.67198368913421,,
labeled-data,ltFLiPAKAREEGEMG003318,img17307.png,322.0229757050337,88.35172874618797,307.21983689134083,62.03503752184503,352.4516499331802,50.52148511119498,316.2661994997087,29.961570092177,,
labeled-data,ltFLiPAKAREEGEMG003318,img18580.png,327.77975191035875,86.70693554466652,303.1078538875372,65.32462392488787,348.3396669293767,53.811071514237824,316.2661994997087,28.31677689065566,,
labeled-data,ltFLiPAKAREEGEMG003318,img19400.png,335.1813213172052,85.06214234314507,305.5750436898194,62.03503752184503,356.5636329369838,51.3438817119557,319.5557859027516,35.71834629750208,,
labeled-data,ltFLiPAKAREEGEMG003318,img21819.png,322.8453723057944,82.59495254086295,298.17347428297296,64.50222732412715,342.5828907240516,49.69908851043425,307.21983689134083,33.2511564952199,,
labeled-data,ltFLiPAKAREEGEMG003318,img22389.png,338.4709077202481,66.96941712640933,298.9958708837337,53.811071514237824,340.93809752253014,36.540742898262806,307.21983689134083,20.915207483809127,,
labeled-data,ltFLiPAKAREEGEMG003318,img22553.png,311.33181989514435,82.59495254086295,286.6599218723229,65.32462392488787,322.8453723057944,57.10065791728073,312.9766130966658,24.20479388685203,,
labeled-data,ltFLiPAKAREEGEMG003318,img22755.png,321.20057910427295,84.23974574238434,294.88388787993006,66.96941712640933,323.667768906555,52.988674913477155,298.17347428297296,29.139173491416386,,
labeled-data,ltFLiPAKAREEGEMG003318,img24011.png,314.62140629818725,89.99652194770937,287.48231847308364,73.54858993249502,323.6677689065551,54.63346811499855,309.687026693623,30.783966692937724,,
labeled-data,ltFLiPAKAREEGEMG003318,img25558.png,314.62140629818725,93.28610835075227,283.37033546928,72.72619333173435,320.3781825035122,52.16627831271643,308.04223349210156,24.20479388685203,,
labeled-data,ltFLiPAKAREEGEMG003318,img25680.png,317.91099270123016,81.77255594010222,283.37033546928,73.54858993249502,321.20057910427295,53.811071514237824,302.2854572867765,35.71834629750208,,
labeled-data,ltFLiPAKAREEGEMG003318,img26246.png,312.9766130966658,84.23974574238434,284.19273207004073,78.48296953705932,314.62140629818725,56.27826131652,299.8182674844943,37.363139499023475,,
labeled-data,ltFLiPAKAREEGEMG00332,img01203.png,270.12574413697257,88.56792019077352,258.59698227795974,48.217253684228524,290.71281888520986,66.33387946267732,298.94764878450474,36.68849182521569,,
labeled-data,ltFLiPAKAREEGEMG00332,img01924.png,271.77271011683155,85.27398823105557,254.47956732831227,45.74680471444009,292.35978486506883,71.27477740225424,298.1241657945752,37.51197481514515,,
labeled-data,ltFLiPAKAREEGEMG00332,img03952.png,270.12574413697257,88.56792019077352,254.47956732831227,49.8642196640875,291.5363018751393,71.27477740225424,289.0658529053508,37.51197481514515,,
labeled-data,ltFLiPAKAREEGEMG00332,img03978.png,275.06664207654956,86.09747122098503,261.06743124774823,53.15815162380545,293.1832678549983,70.45129441232473,294.0067508449278,40.80590677486316,,
labeled-data,ltFLiPAKAREEGEMG00332,img05433.png,271.77271011683155,86.09747122098503,259.42046526788926,54.80511760366443,291.5363018751393,70.45129441232473,293.1832678549983,44.09983873458111,,
labeled-data,ltFLiPAKAREEGEMG00332,img11079.png,275.890125066479,96.8027500900684,254.47956732831227,46.57028770436955,286.5954039355624,62.21646451302985,294.83023383485727,26.806695946061723,,
labeled-data,ltFLiPAKAREEGEMG00332,img14426.png,259.42046526788926,90.2148861706325,259.42046526788926,52.33466863387599,284.1249549657739,67.98084544253629,295.6537168247868,36.68849182521569,,
labeled-data,ltFLiPAKAREEGEMG00332,img17134.png,280.83102300605594,94.33230112027996,265.18484619739564,59.74601554324141,299.7711317744342,60.56949853317087,284.1249549657739,26.806695946061836,,
labeled-data,ltFLiPAKAREEGEMG00332,img20457.png,281.65450599598546,103.3906140095043,256.1265333081713,67.15736245260678,298.94764878450474,64.68691348281834,,,,
labeled-data,ltFLiPAKAREEGEMG00332,img20540.png,289.88933589528034,105.8610629792928,270.9492271269021,63.863430492888824,308.00596167372913,59.74601554324141,294.83023383485727,25.159729966202804,,
labeled-data,ltFLiPAKAREEGEMG00332,img20574.png,,,,,,,294.0067508449278,49.8642196640875,,
labeled-data,ltFLiPAKAREEGEMG00332,img20808.png,,,284.9484379557034,77.03915833176069,276.71360805640853,41.62938976479262,241.30383948944052,72.09826039218376,221.54024773113275,113.27240988865822
labeled-data,ltFLiPAKAREEGEMG00332,img21359.png,280.83102300605594,83.62702225119659,247.89170340887637,58.09904956338244,291.5363018751393,44.92332172451057,266.00832918732516,24.3362469762734,,
labeled-data,ltFLiPAKAREEGEMG00332,img21619.png,298.94764878450474,91.86185215049147,255.3030503182418,72.92174338211322,299.7711317744342,54.80511760366443,270.9492271269021,30.924110895709305,,
labeled-data,ltFLiPAKAREEGEMG00332,img22108.png,282.4779889859149,88.56792019077352,243.77428845922896,66.33387946267732,271.77271011683155,44.92332172451057,241.30383948944046,25.98321295613232,,
labeled-data,ltFLiPAKAREEGEMG00332,img23097.png,276.71360805640853,91.86185215049147,247.0682204189469,77.8626413216902,274.24315908662004,54.80511760366443,241.30383948944046,33.39455986549774,,
labeled-data,ltFLiPAKAREEGEMG00332,img23379.png,235.53945855993402,198.91464084132508,196.01227504331854,171.73970217365195,238.0099075297225,160.21094031463906,219.06979876134426,125.62465473760051,228.12811165056866,75.39219235190171
labeled-data,ltFLiPAKAREEGEMG00332,img23471.png,177.0721662749403,376.78696666609477,164.71992142599794,343.8476470689152,200.129689992966,358.67034088764603,205.89407092247245,302.67349757244074,233.89249258007504,250.7940692068829
labeled-data,ltFLiPAKAREEGEMG00332,img24129.png,,,,,,,,,,
labeled-data,ltFLiPAKAREEGEMG00332,img24688.png,228.95159464049812,98.44971606992738,200.95317298289547,77.86264132169015,232.24552660021607,70.45129441232473,196.83575803324806,36.688491825215806,,
labeled-data,ltFLiPAKAREEGEMG00332,img25252.png,,,,,,,230.5985606203571,66.33387946267732,205.89407092247245,39.982423784933644
labeled-data,ltFLiPAKAREEGEMG00332,img25384.png,310.47641064351757,119.86027380809412,269.3022611470431,92.68533514042099,299.7711317744342,74.5687093619722,260.2439482578187,44.09983873458111,,
labeled-data,ltFLiPAKAREEGEMG00332,img25661.png,,,,,,,250.36215237866486,55.628600593593944,253.6560843383828,103.3906140095043
labeled-data,ltFLiPAKAREEGEMG00332,img26563.png,154.01464255691462,400.66797337405,144.95632966769023,359.4938238775755,178.71913225479926,365.25820480708194,177.8956492648698,316.67270840124206,198.48272401310703,268.91069498533165
labeled-data,ltFLiPAKAREEGEMG00332,img26967.png,153.1911595669851,398.19752440426146,146.6032956475492,359.4938238775755,181.18958122458776,373.4930347063768,205.89407092247245,324.90753830053694,252.00911835852384,289.49776973356893
labeled-data,ltFLiPAKAREEGEMG00336,img00640.png,420.8231312940691,40.80590677486316,368.9437029285113,57.27556657345292,375.5315668479472,16.101417076978464,335.18090034140226,49.8642196640875,304.7120297140111,89.39140318070298
labeled-data,ltFLiPAKAREEGEMG00336,img01103.png,373.06111787815877,75.39219235190171,316.240791573024,84.45050524112605,345.88617921048564,49.8642196640875,299.7711317744342,30.924110895709305,248.71518639880588,18.5718660467669
labeled-data,ltFLiPAKAREEGEMG00336,img01189.png,,,,,,,399.4125735559024,49.04073667415804,356.59145807956895,100.92016503971587
labeled-data,ltFLiPAKAREEGEMG00336,img02431.png,264.3613632074662,215.3843006399149,310.47641064351757,223.61913053920978,277.537091046338,249.14710322702393,322.8286554924599,273.02810993497917,342.5922472507677,333.96585118976134
labeled-data,ltFLiPAKAREEGEMG00336,img03315.png,422.47009727392816,417.9611161625693,402.70650551562034,381.7278646056717,443.0571720221654,394.9035924445435,425.7640292336461,346.3180960387037,411.7648184048448,284.55687179399195
labeled-data,ltFLiPAKAREEGEMG00336,img03847.png,137.5449827583248,222.79564754928026,,,,,150.72071059719667,281.262939834274,196.83575803324806,320.79012335088953
labeled-data,ltFLiPAKAREEGEMG00336,img04534.png,209.1880028821904,30.10062790577979,217.42283278148528,49.8642196640875,195.18879205338908,44.92332172451057,208.3645198922609,88.56792019077352,235.53945855993402,141.2708315462608
labeled-data,ltFLiPAKAREEGEMG00336,img05313.png,352.47404312992154,7.043104187754125,376.3550498378767,26.806695946061836,336.82786632126124,27.630178935991353,352.47404312992154,61.39298152310039,320.3582065226714,96.8027500900684
labeled-data,ltFLiPAKAREEGEMG00336,img06245.png,,,,,,,342.5922472507676,44.09983873458111,364.8262879788639,91.03836916056196
labeled-data,ltFLiPAKAREEGEMG00336,img07290.png,410.11785242498576,44.09983873458111,363.1793219990049,57.27556657345292,378.8254988076652,19.395349036696416,338.4748323011202,25.98321295613232,308.8294446636586,28.453661925920755
labeled-data,ltFLiPAKAREEGEMG00336,img07827.png,396.94212458611395,76.21567534183117,343.41573024069714,91.03836916056196,364.8262879788639,52.33466863387599,326.12258745217787,37.51197481514515,,
labeled-data,ltFLiPAKAREEGEMG00336,img08898.png,328.59303642196636,112.4489268987287,312.94685961330606,80.33309029147864,352.47404312992154,81.1565732814081,328.59303642196636,44.92332172451057,,
labeled-data,ltFLiPAKAREEGEMG00336,img10140.png,,,,,,,174.60171730515185,52.33466863387599,206.7175539124019,96.8027500900684
labeled-data,ltFLiPAKAREEGEMG00336,img10722.png,466.11469574019105,392.43314347475507,423.29358026385756,379.25741563588326,443.8806550120948,346.3180960387037,398.589090565973,341.37719809912676,366.47325395872286,314.2022594314536
labeled-data,ltFLiPAKAREEGEMG00336,img11789.png,391.1777436566075,108.33151194908123,359.88539003928696,80.33309029147864,392.8247096364665,72.0982603921837,354.94449209971,44.92332172451057,303.06506373415215,57.27556657345292
labeled-data,ltFLiPAKAREEGEMG00336,img12160.png,430.704927173223,422.90201410214615,408.47088644512684,394.9035924445435,446.35110398188334,388.3157285251076,424.9405462437166,338.0832661394088,410.9413354149153,286.203837773851
labeled-data,ltFLiPAKAREEGEMG00336,img12572.png,,,247.0682204189469,28.453661925920755,206.7175539124019,39.982423784933644,242.12732247936998,69.62781142239527,256.1265333081713,117.38982483830563
labeled-data,ltFLiPAKAREEGEMG00336,img15470.png,215.7758668016263,98.44971606992738,198.48272401310703,78.68612431161966,241.30383948944046,77.86264132169015,220.71676474120324,52.33466863387599,,
labeled-data,ltFLiPAKAREEGEMG00336,img18511.png,,,,,,,,,205.07058793254294,36.68849182521569
labeled-data,ltFLiPAKAREEGEMG00336,img19279.png,,,,,,,,,,
labeled-data,ltFLiPAKAREEGEMG00336,img23092.png,373.8846008680882,11.984002127330996,363.1793219990049,43.276355744651596,331.0634853917548,19.395349036696416,321.18168951260094,48.217253684228524,284.1249549657739,67.98084544253629
labeled-data,ltFLiPAKAREEGEMG00336,img24519.png,340.94528127090865,89.39140318070298,309.6529276535881,53.98163461373497,346.7096622004151,34.21804285542726,313.7703426032355,21.86579800648485,,
labeled-data,ltFLiPAKAREEGEMG00336,img25288.png,323.6521384823894,78.68612431161966,293.1832678549983,46.57028770436955,336.82786632126124,40.80590677486316,308.8294446636586,19.395349036696416,267.65529516718414,28.453661925920755
labeled-data,ltFLiPAKAREEGEMG00336,img25487.png,325.2991044622484,88.56792019077352,281.65450599598546,73.74522637204268,332.7104513716138,53.15815162380545,298.1241657945752,36.68849182521569,263.53788021753667,27.630178935991353
labeled-data,ltFLiPAKAREEGEMG00336,img26819.png,340.1217982809792,35.04152584535666,302.2415807442227,66.33387946267732,301.41809775429317,25.159729966202804,261.06743124774823,57.27556657345292,215.7758668016263,75.39219235190166
labeled-data,ltFLiPAKAREEGEMG00341,img00522.png,314.62140629818725,76.0157797347772,287.48231847308364,56.27826131652,332.714131514923,37.363139499023475,293.2390946784086,29.961570092177,257.053644244937,25.027190487612756
labeled-data,ltFLiPAKAREEGEMG00341,img01837.png,321.20057910427295,75.19338313401647,292.4166980776479,50.52148511119498,335.1813213172052,39.00793270054493,301.46306068601575,24.20479388685203,252.94166124113352,25.849587088373482
labeled-data,ltFLiPAKAREEGEMG00341,img02561.png,324.49016550731585,76.83817633553792,299.8182674844943,60.390244320323575,344.22768392557305,43.1199157043485,300.640664085255,29.139173491416386,263.6328170510228,27.494380289894934
labeled-data,ltFLiPAKAREEGEMG00341,img02930.png,321.20057910427295,79.30536613782004,297.35107768221224,57.10065791728073,336.8261145187266,43.1199157043485,291.59430147688715,23.382397286091305,258.69843744645846,24.20479388685203
labeled-data,ltFLiPAKAREEGEMG00341,img03452.png,323.6677689065551,72.72619333173435,303.1078538875372,61.2126409210843,340.93809752253014,43.942312305109226,295.7062844806908,26.67198368913421,264.45521365178354,25.027190487612756
labeled-data,ltFLiPAKAREEGEMG00341,img03683.png,320.3781825035122,74.37098653325575,302.2854572867765,54.63346811499855,339.2933043210088,43.942312305109226,305.5750436898194,27.494380289894934,265.27761025254426,25.849587088373482
labeled-data,ltFLiPAKAREEGEMG00341,img04651.png,311.33181989514435,74.37098653325575,285.01512867080146,51.3438817119557,327.77975191035875,40.65272590206632,289.9495082753658,21.737604084569853,254.5864544426549,23.382397286091305
labeled-data,ltFLiPAKAREEGEMG00341,img04852.png,288.30471507384436,74.37098653325575,285.8375252715622,38.1855360997842,315.443802898948,49.69908851043425,340.93809752253014,27.494380289894934,,
labeled-data,ltFLiPAKAREEGEMG00341,img04995.png,296.5286810814515,79.30536613782004,285.01512867080146,52.9886749134771,322.0229757050337,56.27826131652,336.8261145187266,29.139173491416386,,
labeled-data,ltFLiPAKAREEGEMG00341,img05085.png,,,,,,,,,,
labeled-data,ltFLiPAKAREEGEMG00341,img05439.png,308.8646300928623,76.0157797347772,303.93025048829793,48.876691909673525,340.93809752253014,52.9886749134771,340.11570092176953,26.67198368913421,,
labeled-data,ltFLiPAKAREEGEMG00341,img05782.png,306.3974402905801,77.66057293629865,301.46306068601575,44.76470890586995,340.11570092176953,62.03503752184503,345.0500805263338,20.0928108830484,,
labeled-data,ltFLiPAKAREEGEMG00341,img07546.png,304.75264708905866,87.52933214542725,308.8646300928623,45.58710550663062,348.33966692937656,62.857434122605696,,,,
labeled-data,ltFLiPAKAREEGEMG00341,img08979.png,309.687026693623,82.59495254086295,306.3974402905801,45.58710550663068,345.8724771270945,57.9230545180414,,,,
labeled-data,ltFLiPAKAREEGEMG00341,img09750.png,313.7990096974265,76.83817633553792,306.3974402905801,47.23189870815213,350.80685673165885,58.74545111880212,,,,
labeled-data,ltFLiPAKAREEGEMG00341,img10862.png,312.1542164959051,80.9501593393415,307.21983689134083,48.0542953089128,349.9844601308981,58.74545111880212,,,,
labeled-data,ltFLiPAKAREEGEMG00341,img11497.png,313.7990096974265,82.59495254086295,308.04223349210156,43.1199157043485,342.5828907240516,57.10065791728073,,,,
labeled-data,ltFLiPAKAREEGEMG00341,img11674.png,312.1542164959051,89.99652194770937,309.687026693623,41.475122502827105,353.2740465339409,59.56784771956285,348.3396669293767,23.382397286091305,,
labeled-data,ltFLiPAKAREEGEMG00341,img17014.png,308.8646300928623,84.23974574238434,312.9766130966658,39.83032930130565,350.80685673165885,58.74545111880212,349.9844601308981,26.67198368913421,,
labeled-data,ltFLiPAKAREEGEMG00341,img17877.png,313.7990096974265,84.23974574238434,308.04223349210156,43.1199157043485,351.62925333241947,61.2126409210843,350.80685673165885,18.448017681527062,,
labeled-data,ltFLiPAKAREEGEMG00341,img19447.png,307.21983689134083,82.59495254086295,309.687026693623,39.83032930130565,349.9844601308981,62.03503752184503,349.9844601308981,24.20479388685203,,
labeled-data,ltFLiPAKAREEGEMG00341,img21963.png,306.3974402905801,87.52933214542725,312.1542164959051,43.942312305109226,352.4516499331802,64.50222732412715,354.91883973546237,25.027190487612756,,
labeled-data,ltFLiPAKAREEGEMG00341,img23235.png,308.8646300928623,80.9501593393415,308.8646300928623,42.297519103587774,349.1620635301374,62.03503752184503,349.9844601308981,26.67198368913421,,
labeled-data,ltFLiPAKAREEGEMG00341,img23610.png,307.21983689134083,76.0157797347772,312.1542164959051,43.1199157043485,348.3396669293767,58.74545111880212,354.91883973546237,19.270414282287675,,
labeled-data,ltFLiPAKAREEGEMG00341,img26418.png,306.3974402905801,82.59495254086295,308.8646300928623,48.876691909673525,344.22768392557305,69.43660692869145,356.5636329369838,30.783966692937724,,
labeled-data,ltFLiPAKAREEGEMG003413,img00194.png,373.83396155295884,136.87312819107024,318.7333893019909,128.6491621834631,354.91883973546237,91.64131514923082,308.8646300928623,71.0814001302129,281.72554226775856,67.79181372717005
labeled-data,ltFLiPAKAREEGEMG003413,img01279.png,169.05720796354038,302.17484494397434,188.79472638179757,330.9587259705994,149.31968954528318,330.1363293698387,167.41241476201893,372.900952609396,197.01869238940472,413.1983860466711
labeled-data,ltFLiPAKAREEGEMG003413,img01805.png,352.4516499331802,420.59995545351757,355.7412363362231,371.2561594078745,382.8803241613267,409.90879964362824,410.01941198643044,361.3874001987459,444.5600692183806,318.6227769591886
labeled-data,ltFLiPAKAREEGEMG003413,img02699.png,266.9224034540657,192.79609704279898,,,257.0536442449371,150.8538704040024,231.55934962135487,122.89238597813807,240.60571222972274,87.52933214542725
labeled-data,ltFLiPAKAREEGEMG003413,img04824.png,,,,,,,245.54009183428704,37.363139499023475,276.7911626631943,88.35172874618797
labeled-data,ltFLiPAKAREEGEMG003413,img05140.png,379.5907377582839,85.8845389439058,329.4245451118802,77.66057293629865,349.1620635301374,43.1199157043485,301.46306068601575,39.00793270054493,265.27761025254426,29.961570092177
labeled-data,ltFLiPAKAREEGEMG003413,img10947.png,259.5208340472192,90.8189185484701,234.84893602439772,70.25900352945217,271.85678305862996,61.2126409210843,257.87604084569784,32.428759894459176,284.19273207004073,25.027190487612756
labeled-data,ltFLiPAKAREEGEMG003413,img13004.png,261.98802384950136,107.26685056368444,238.13852242744056,81.77255594010222,279.2583524654764,74.37098653325575,241.42810883048347,39.83032930130565,,
labeled-data,ltFLiPAKAREEGEMG003413,img14354.png,,,,,,,253.76405784189419,46.409502107391404,273.5015762601514,83.41734914162362
labeled-data,ltFLiPAKAREEGEMG003413,img16228.png,338.4709077202481,365.49938320254955,370.54437514991605,341.6498817804887,364.78759894459097,372.07855600863525,414.13139499023407,362.20979679950665,465.1199842373985,356.4530205941817
labeled-data,ltFLiPAKAREEGEMG003413,img16324.png,187.14993318027612,427.1791282596033,170.70200116506183,396.7504540314568,210.99943460233695,404.1520234383032,226.62497001679057,363.8545900010281,,
labeled-data,ltFLiPAKAREEGEMG003413,img17001.png,356.5636329369838,282.43732652571714,373.0115649521981,305.4644313470172,333.5365281156837,302.99724154473506,320.3781825035122,355.63062399342095,281.72554226775856,386.0592982215675
labeled-data,ltFLiPAKAREEGEMG003413,img17589.png,458.5408114313127,116.31321317205231,460.18560463283416,159.0778364116096,416.59858479251614,136.87312819107024,419.0657745947983,186.21692423671323,386.1699105643696,242.9622896892027
labeled-data,ltFLiPAKAREEGEMG003413,img17873.png,500.4830380701093,318.6227769591886,461.0080012335949,358.9202103964638,448.6720522221841,307.93162114929936,424.8225508001234,338.3602953774459,396.0386697734982,327.66913956755656
labeled-data,ltFLiPAKAREEGEMG003413,img17967.png,,,,,,,397.68346297501967,34.07355309598063,369.7219785491553,80.12776273858077
labeled-data,ltFLiPAKAREEGEMG003413,img18124.png,,,,,,,,,,
labeled-data,ltFLiPAKAREEGEMG003413,img18615.png,436.33610321077333,274.21336051810994,436.33610321077333,323.557156563753,403.44023918034475,291.483689134085,,,356.5636329369838,351.5186409896173
labeled-data,ltFLiPAKAREEGEMG003413,img18990.png,,,,,,,,,,
labeled-data,ltFLiPAKAREEGEMG003413,img21024.png,317.08859610046943,220.75758146866337,293.2390946784086,181.28254463214893,325.3125621080766,175.52576842682396,307.21983689134083,138.5179213925917,313.7990096974265,100.68767775759869
labeled-data,ltFLiPAKAREEGEMG003413,img21896.png,391.9266867696947,104.79966076140227,349.1620635301374,85.8845389439058,381.2355309598054,66.96941712640933,346.6948737278552,36.540742898262806,319.5557859027516,20.915207483809127
labeled-data,ltFLiPAKAREEGEMG003413,img22012.png,524.3325394921701,414.84317924819254,477.4559332488092,409.0864030428675,486.50229585717716,362.20979679950665,430.57932700544836,361.3874001987459,386.99230716513034,329.31393276907795
labeled-data,ltFLiPAKAREEGEMG003413,img22394.png,266.9224034540657,92.46371174999155,300.640664085255,94.10850495151294,271.85678305862996,126.18197238118091,325.3125621080766,133.5835417880274,360.67561594078745,155.78825000856676
labeled-data,ltFLiPAKAREEGEMG003413,img24442.png,289.1271116746051,187.86171743823468,246.36248843504777,166.47940581845603,281.72554226775856,141.80750779563454,252.1192646403728,123.71478257889879,240.60571222972274,96.57569475379512
labeled-data,ltFLiPAKAREEGEMG003413,img24586.png,303.1078538875372,181.28254463214893,255.40885104341564,168.12419901997748,287.48231847308364,147.56428400095956,254.5864544426549,124.53717917965946,242.2505054312442,97.39809135455585
labeled-data,ltFLiPAKAREEGEMG003413,img26676.png,284.19273207004073,204.30964945344903,253.76405784189419,186.21692423671323,294.06149127916933,178.8153548298668,271.85678305862996,144.2746975979167,252.1192646403728,113.8460233697702
labeled-data,ltFLiPAKAREEGEMG00344,img00177.png,356.5636329369838,56.27826131652,322.8453723057944,52.9886749134771,333.5365281156837,23.382397286091305,292.4166980776479,32.428759894459176,258.69843744645846,29.139173491416386
labeled-data,ltFLiPAKAREEGEMG00344,img01396.png,345.0500805263338,68.61421032793072,303.93025048829793,52.16627831271643,336.8261145187266,29.961570092177,292.4166980776479,21.737604084569853,260.3432306479799,32.428759894459176
labeled-data,ltFLiPAKAREEGEMG00344,img03731.png,350.80685673165885,82.59495254086295,310.5094232943836,57.9230545180414,352.4516499331802,47.23189870815213,313.7990096974265,20.915207483809127,,
labeled-data,ltFLiPAKAREEGEMG00344,img05706.png,,,,,,,283.37033546928,36.540742898262806,263.6328170510228,69.43660692869145
labeled-data,ltFLiPAKAREEGEMG00344,img06667.png,,,,,,,,,,
labeled-data,ltFLiPAKAREEGEMG00344,img09525.png,300.640664085255,214.17840866257762,275.14636946167286,246.2518760922456,259.5208340472192,207.59923585649187,218.40100400918337,225.69196107322767,178.92596717266898,219.93518486790265
labeled-data,ltFLiPAKAREEGEMG00344,img09801.png,410.84180858719117,399.2176438337389,366.4323921461124,397.5728506322175,384.52511736284816,359.7426069972245,331.06933831340154,349.8738477880959,289.9495082753657,320.2675701607101
labeled-data,ltFLiPAKAREEGEMG00344,img10349.png,387.81470376589107,78.48296953705932,341.76049412329087,73.54858993249502,366.4323921461124,37.363139499023475,313.7990096974265,40.65272590206638,286.6599218723229,78.48296953705932
labeled-data,ltFLiPAKAREEGEMG00344,img10610.png,357.38602953774455,420.59995545351757,331.89173491416227,386.8816948223282,368.0771853476339,386.0592982215675,345.0500805263338,340.827485179728,319.5557859027516,294.7732755371279
labeled-data,ltFLiPAKAREEGEMG00344,img11101.png,394.39387657197676,52.16627831271643,363.1428057430695,77.66057293629865,357.38602953774455,34.07355309598063,340.11570092176953,60.390244320323575,316.2661994997087,100.68767775759869
labeled-data,ltFLiPAKAREEGEMG00344,img11414.png,,,,,,,,,246.36248843504777,92.46371174999155
labeled-data,ltFLiPAKAREEGEMG00344,img12474.png,234.84893602439772,444.44945687557833,204.4202617962512,404.1520234383032,237.3161258266799,390.17128122537105,205.24265839701192,353.9858307918995,187.97232978103685,322.73475996299226
labeled-data,ltFLiPAKAREEGEMG00344,img13987.png,,,,,,,,,,
labeled-data,ltFLiPAKAREEGEMG00344,img14459.png,,,,,,,,,,
labeled-data,ltFLiPAKAREEGEMG00344,img16996.png,190.43951958331903,406.6192132405854,155.0764657506082,389.3488846246103,187.14993318027612,390.17128122537105,190.43951958331903,343.2946749820102,199.4858821916869,292.30608573484574
labeled-data,ltFLiPAKAREEGEMG00344,img17812.png,406.72982558338754,43.1199157043485,,,,,333.5365281156837,29.139173491416386,,
labeled-data,ltFLiPAKAREEGEMG00344,img17995.png,414.9537915909948,14.336034677723433,417.42098139327686,42.297519103587774,387.81470376589107,27.494380289894934,377.12354795600174,73.54858993249502,354.91883973546237,102.33247095912014
labeled-data,ltFLiPAKAREEGEMG00344,img19000.png,,,,,,,448.6720522221841,409.0864030428675,434.691310009252,367.14417640407095
labeled-data,ltFLiPAKAREEGEMG00344,img19389.png,313.7990096974265,168.9465956207382,349.9844601308981,168.12419901997748,322.0229757050337,189.50651063975613,369.7219785491553,206.77683925573115,396.0386697734982,256.9430319021349
labeled-data,ltFLiPAKAREEGEMG00344,img19745.png,248.00728163656922,33.2511564952199,261.98802384950136,53.811071514237824,226.62497001679057,56.27826131652,240.60571222972274,98.22048795531657,230.73695302059414,155.7882500085667
labeled-data,ltFLiPAKAREEGEMG00344,img21446.png,,,,,,,,,,
labeled-data,ltFLiPAKAREEGEMG00344,img23329.png,,,,,,,,,,
labeled-data,ltFLiPAKAREEGEMG00344,img23662.png,,,,,,,,,319.5557859027516,74.37098653325575
labeled-data,ltFLiPAKAREEGEMG00344,img25182.png,,,,,,,269.3895932563478,55.455864715759276,297.35107768221224,91.64131514923082
labeled-data,ltFLiPAKAREEGEMG00344,img26127.png,,,,,,,,,257.87604084569784,91.64131514923082
labeled-data,ltFLiPAKAREEGEMG00350,img00576.png,408.374618784909,250.36385909604917,375.4787547544803,208.4216324572526,424.00015419936256,209.24402905801333,402.617842579584,159.0778364116096,395.2162731727375,99.04288455607724
labeled-data,ltFLiPAKAREEGEMG00350,img01032.png,406.72982558338754,84.23974574238434,354.09644313470164,95.7532981530344,359.030822739266,66.1470205256486,322.8453723057944,62.857434122605696,310.5094232943836,32.428759894459176
labeled-data,ltFLiPAKAREEGEMG00350,img03946.png,,,,,,,387.81470376589107,33.2511564952199,,
labeled-data,ltFLiPAKAREEGEMG00350,img05287.png,141.095723537676,117.13560977281304,190.43951958331903,154.1434568070453,147.67489634376173,167.30180241921676,186.32753657951545,207.59923585649187,211.82183120309767,256.1206353013742
labeled-data,ltFLiPAKAREEGEMG00350,img05618.png,381.2355309598054,42.297519103587774,340.11570092176953,66.1470205256486,345.0500805263338,24.20479388685203,302.2854572867765,40.65272590206638,274.32397286091214,65.32462392488787
labeled-data,ltFLiPAKAREEGEMG00350,img08502.png,444.5600692183806,167.30180241921676,409.1970153856697,145.09709419867738,448.6720522221841,131.1163519857452,406.72982558338754,90.8189185484701,388.6371003666518,52.9886749134771
labeled-data,ltFLiPAKAREEGEMG00350,img09101.png,384.52511736284816,296.4180687386493,376.301151355241,255.29823870061347,421.5329643970805,286.5493095295207,424.00015419936267,236.383116883117,437.9808964122948,206.77683925573115
labeled-data,ltFLiPAKAREEGEMG00350,img10317.png,193.72910598636187,150.8538704040024,160.0108453551725,130.29395538498449,191.26191618407975,117.13560977281304,173.99158756810468,84.23974574238434,182.21555357571182,49.69908851043425
labeled-data,ltFLiPAKAREEGEMG00350,img11514.png,368.0771853476339,71.0814001302129,321.20057910427295,71.90379673097362,340.11570092176953,44.76470890586995,294.06149127916933,32.428759894459176,,
labeled-data,ltFLiPAKAREEGEMG00350,img12125.png,414.9537915909948,123.71478257889879,376.301151355241,95.7532981530344,420.71056779631976,91.64131514923082,394.39387657197676,58.74545111880212,,
labeled-data,ltFLiPAKAREEGEMG00350,img13200.png,289.1271116746051,308.75401775006003,314.62140629818725,298.88525854093143,312.1542164959051,342.47227838124945,384.52511736284816,315.33319055614584,436.33610321077333,290.6612925333243
labeled-data,ltFLiPAKAREEGEMG00350,img13411.png,213.46662440461907,187.03932083747395,218.40100400918337,229.80394407703125,179.7483637734297,210.06642565877405,178.92596717266898,256.9430319021349,188.79472638179757,312.04360415310293
labeled-data,ltFLiPAKAREEGEMG00350,img13548.png,,,,,,,,,206.88745159853337,101.51007435835942
labeled-data,ltFLiPAKAREEGEMG00350,img14691.png,415.7761881917554,162.36742281465246,388.6371003666518,123.71478257889879,427.28974060240546,131.1163519857452,416.59858479251614,78.48296953705932,410.01941198643044,34.07355309598063
labeled-data,ltFLiPAKAREEGEMG00350,img15268.png,234.84893602439772,263.5222047082206,286.6599218723229,264.34460130898134,257.0536442449371,288.19410273104216,319.5557859027515,306.2868279477779,373.83396155295884,326.84674296679583
labeled-data,ltFLiPAKAREEGEMG00350,img15709.png,423.17775759860194,438.6926806702533,400.97304937806257,397.5728506322175,433.04651680773054,395.9280574306961,405.9074289826268,344.93946818353163,361.49801254154806,302.99724154473506
labeled-data,ltFLiPAKAREEGEMG00350,img16628.png,,,,,,,245.54009183428704,33.2511564952199,303.1078538875372,39.83032930130565
labeled-data,ltFLiPAKAREEGEMG00350,img17204.png,187.97232978103685,371.2561594078745,170.70200116506183,340.0050885789673,204.4202617962512,342.47227838124945,183.86034677723327,285.72691292876,183.86034677723333,236.38311688311694
labeled-data,ltFLiPAKAREEGEMG00350,img19111.png,264.45521365178354,92.46371174999155,271.85678305862996,57.9230545180414,304.75264708905866,93.28610835075227,322.8453723057944,45.58710550663068,,
labeled-data,ltFLiPAKAREEGEMG00350,img19543.png,265.27761025254426,110.55643696672729,242.2505054312442,81.77255594010222,287.48231847308364,89.99652194770937,247.1848850358085,36.540742898262806,272.6791796593907,16.803224480005497
labeled-data,ltFLiPAKAREEGEMG00350,img22862.png,281.72554226775856,142.62990439639526,269.3895932563478,99.86528115683802,312.1542164959051,100.68767775759864,289.9495082753657,61.2126409210843,292.4166980776479,27.494380289894934
labeled-data,ltFLiPAKAREEGEMG00350,img23009.png,335.1813213172052,123.71478257889879,293.2390946784086,108.9116437652059,327.77975191035875,78.48296953705932,289.127111674605,66.1470205256486,293.2390946784086,28.31677689065566
labeled-data,ltFLiPAKAREEGEMG00350,img25260.png,256.2312476441764,128.6491621834631,241.42810883048347,92.46371174999155,289.9495082753657,89.99652194770937,271.03438645786923,62.857434122605696,307.21983689134083,59.56784771956285
labeled-data,ltFLiPAKAREEGEMG00350,img26148.png,280.0807490662371,196.90808004660255,319.5557859027516,175.52576842682396,328.6021485111195,215.00080526333835,370.54437514991605,178.8153548298668,414.9537915909947,150.8538704040024
labeled-data,ltFLiPAKAREEGEMG00350,img26341.png,188.79472638179757,96.57569475379512,218.40100400918337,62.03503752184503,238.13852242744056,97.39809135455585,262.8104204502621,58.74545111880212,292.4166980776479,62.03503752184503
